#{"t_start": 1629312846.4811988, "env_id": null}
r,l,t
0.1,33,0.17378
0.1,27,0.31956
0.0,101,0.796552
0.0,101,1.275623
0.1,21,1.394994
0.1,26,1.53404
0.1,37,1.721813
0.0,101,2.20335
0.1,56,2.475238
0.0,19,2.584555
0.1,23,2.706432
0.1,72,3.032821
0.0,101,3.516578
0.1,69,3.845168
0.2,34,4.024872
0.1,15,4.111506
0.1,29,4.267714
0.1,72,4.60929
0.1,36,4.794484
0.1,60,5.073249
0.1,26,5.214712
0.1,101,5.679792
0.1,101,6.160493
0.1,59,6.432554
-1.0,89,6.852977
0.0,101,7.318785
0.0,101,7.827692
0.1,96,8.284025
0.1,34,8.448691
0.1,45,8.692612
0.1,52,8.940814
0.0,101,9.413395
0.2,76,9.795138
0.1,57,11.042814
0.1,34,11.213004
0.0,97,11.667185
0.0,101,12.140083
0.0,101,12.624067
0.0,101,13.104119
0.1,36,13.294852
0.1,53,13.548285
0.1,68,13.866646
0.1,70,14.20223
0.1,101,14.657851
0.2,84,15.092996
0.1,62,15.387839
0.0,101,15.864253
0.0,79,16.243057
0.1,26,16.378651
0.1,15,16.471028
0.1,59,16.754091
0.0,101,17.233362
0.0,101,17.71106
0.1,61,17.995551
0.0,101,18.459966
0.0,101,18.951693
0.1,31,19.115296
0.0,101,19.591563
0.1,101,20.078322
0.1,101,20.565134
0.1,79,21.932382
0.0,34,22.117564
0.2,52,22.3731
0.3,101,22.895909
0.0,62,23.217467
0.1,58,23.485697
0.0,101,23.97502
0.0,101,24.434776
0.1,101,24.900867
0.1,28,25.046725
0.1,78,25.416499
0.1,22,25.537882
0.1,68,25.869188
0.1,46,26.086044
0.1,18,26.186407
0.0,101,26.673613
0.1,101,27.148294
0.1,101,27.62783
0.0,101,28.092106
0.0,43,28.307919
0.1,101,28.768508
0.1,83,29.166777
0.1,18,29.271019
0.0,57,29.553829
0.1,67,29.896477
0.0,101,30.365942
0.1,47,30.590605
0.1,15,30.679691
0.1,23,30.804786
0.1,63,31.096591
0.1,19,31.201482
0.1,22,31.323308
0.1,72,31.662257
0.1,52,32.891109
0.1,68,33.223418
0.1,32,33.385368
0.0,70,33.7202
0.1,78,34.062753
0.1,101,34.544455
0.1,25,34.679165
0.1,51,34.92288
0.1,75,35.285063
0.1,48,35.513189
0.1,20,35.623368
0.1,32,35.785147
0.1,82,36.177651
0.2,101,36.677038
0.0,33,36.864595
0.1,64,37.194947
0.0,14,37.284423
0.1,68,37.608963
0.1,56,37.871716
0.1,47,38.111207
0.1,21,38.226229
0.1,26,38.362303
0.1,18,38.459987
0.1,26,38.598975
0.1,40,38.80459
0.1,49,39.045789
0.2,26,39.180569
0.1,21,39.295179
0.1,23,39.419353
0.0,101,39.901079
-1.0,97,40.346053
0.1,101,40.829492
0.1,31,40.992319
0.1,21,41.110594
0.0,77,41.47804
0.0,101,41.948718
0.0,101,42.431092
0.0,101,43.874208
0.1,25,44.006777
0.1,28,44.158685
0.2,101,44.655154
0.1,65,44.959793
0.3,73,45.320918
0.0,101,45.796108
0.0,101,46.278569
0.5,101,46.785663
0.1,73,47.131971
0.1,19,47.236109
0.1,23,47.358985
0.0,101,47.848066
0.2,101,48.303234
0.0,101,48.769661
0.2,25,48.89868
0.1,27,49.041898
0.0,101,49.507492
0.1,56,49.777784
0.0,101,50.254799
0.0,101,50.730938
0.1,56,51.001687
0.1,56,51.270675
0.0,21,51.392189
0.1,39,51.60027
0.1,22,51.721195
0.1,64,52.028837
0.0,60,52.326507
0.1,101,52.809785
0.1,37,53.003145
0.1,21,53.118593
0.1,82,53.49952
0.0,101,54.956689
0.1,100,55.411318
0.1,13,55.491527
0.3,101,55.961282
0.0,101,56.434218
0.1,101,56.909246
0.1,57,57.173706
0.1,56,57.439545
0.1,14,57.524377
0.1,36,57.711138
0.1,101,58.202886
0.1,22,58.320325
0.1,25,58.451906
0.1,21,58.568707
0.1,85,59.003391
0.1,39,59.193924
0.1,17,59.290873
0.1,27,59.430319
0.0,101,59.888527
0.1,28,60.036672
0.1,76,60.393583
0.0,45,60.625937
-1.0,99,61.09029
0.1,36,61.274795
0.1,101,61.72957
0.1,63,62.024867
0.1,65,62.351367
0.1,28,62.499243
0.1,74,62.853021
0.1,64,63.153028
0.1,75,63.498972
0.0,101,63.985089
0.1,25,64.117578
0.1,101,65.598494
0.0,86,66.007025
0.1,41,66.208509
0.0,101,66.686912
0.1,26,66.823879
0.1,18,66.925789
0.1,42,67.131686
0.1,22,67.251219
0.1,90,67.668229
0.0,35,67.853695
0.0,59,68.135609
0.1,14,68.221907
0.1,23,68.343517
0.1,101,68.80097
0.1,13,68.884148
0.1,21,69.002445
0.1,14,69.088577
0.1,25,69.22182
0.1,27,69.36236
0.0,101,69.817867
0.1,48,70.040259
0.1,66,70.349852
0.1,59,70.627159
0.1,71,70.993251
0.1,101,71.47833
0.1,20,71.589222
0.1,39,71.781781
0.1,101,72.273121
0.1,49,72.507845
0.1,52,72.77124
0.1,57,73.050621
0.1,96,73.491796
-0.9,42,73.698026
0.1,101,74.158823
0.1,27,74.303943
0.1,54,74.554631
0.1,26,74.695936
0.1,15,74.786723
0.0,101,75.271794
0.0,101,76.718769
0.0,101,77.190322
0.1,47,77.429224
0.2,41,77.64127
0.2,59,77.921952
0.1,70,78.255894
0.1,16,78.346046
0.1,41,78.554205
0.4,101,79.042426
0.1,87,79.449321
0.1,22,79.569605
0.1,74,79.909214
0.1,49,80.150397
0.1,48,80.392701
0.1,13,80.474366
0.1,101,80.913216
0.2,40,81.115771
0.1,22,81.230951
0.1,37,81.420115
0.0,101,81.891819
0.1,59,82.166687
0.1,101,82.629191
0.1,51,82.883685
0.1,17,82.980467
0.0,31,83.139178
0.3,101,83.636508
0.3,71,83.981646
0.1,57,84.252355
0.1,66,84.568947
0.1,21,84.681938
0.1,21,84.796429
0.2,101,85.285833
0.1,28,85.433565
0.1,100,85.926161
0.0,14,86.014158
0.1,30,86.166806
0.1,27,86.309847
0.0,37,87.494949
0.1,43,87.703163
0.1,58,87.981884
0.1,101,88.496691
0.1,63,88.794638
0.1,22,88.913633
0.1,18,89.013338
0.2,101,89.48633
0.1,70,89.817295
0.2,101,90.295619
0.1,71,90.63303
0.0,101,91.121785
0.1,58,91.398108
0.1,61,91.683567
0.1,26,91.821907
0.1,17,91.919675
0.1,22,92.037839
0.1,30,92.194018
0.0,101,92.669379
0.1,54,92.925934
0.1,36,93.108798
0.1,35,93.298726
0.1,46,93.515125
0.1,94,93.945489
0.1,45,94.170986
0.1,19,94.276351
0.1,65,94.589203
0.1,101,95.063591
0.0,98,95.515655
0.1,14,95.601159
0.1,24,95.726696
0.0,101,96.215725
0.1,26,96.350069
0.1,84,96.761248
0.1,58,97.071737
0.2,80,98.441722
0.1,13,98.521441
0.1,42,98.728568
0.1,21,98.844899
0.1,99,99.300109
0.2,48,99.526927
0.1,17,99.626747
0.0,101,100.093003
0.1,19,100.198677
0.1,56,100.469608
0.1,101,100.960479
0.1,47,101.182538
0.1,21,101.297421
0.1,28,101.443907
0.1,30,101.596405
0.1,34,101.777791
0.0,101,102.249599
0.1,80,102.647354
0.1,63,102.944531
0.0,101,103.422505
0.4,80,103.821877
0.1,53,104.086254
0.0,101,104.542832
0.1,66,104.852705
0.1,13,104.934199
0.1,68,105.247458
0.1,38,105.443673
0.2,101,105.921912
0.1,32,106.077001
0.1,28,106.230582
0.1,25,106.364053
0.1,64,106.668375
0.1,19,106.775772
0.1,101,107.268365
0.0,22,107.388243
0.1,59,107.665844
0.0,101,108.156713
0.1,76,109.502343
0.1,82,109.898141
0.1,60,110.177752
0.1,25,110.31129
0.2,53,110.580654
0.1,24,110.71433
0.1,101,111.183596
0.1,87,111.59692
0.1,22,111.718905
0.1,101,112.207859
0.3,55,112.476051
0.1,82,112.870026
0.1,27,113.008149
0.3,101,113.501354
0.2,39,113.699323
0.2,101,114.183419
0.1,30,114.343316
0.1,26,114.48304
0.1,55,114.769395
0.1,25,114.901929
0.1,65,115.21781
0.1,33,115.3841
0.1,26,115.52956
0.1,39,115.733445
0.1,39,115.930547
0.1,31,116.090459
0.1,37,116.289171
0.1,49,116.536574
0.1,33,116.710011
0.1,17,116.808105
0.0,101,117.28276
0.1,72,117.628615
0.1,37,117.818222
0.1,15,117.908733
0.1,19,118.01518
0.1,101,118.516712
0.1,18,118.618402
0.0,101,119.095282
0.0,49,119.343014
0.1,56,120.605362
0.1,37,120.793795
0.0,66,121.111825
0.1,17,121.212235
0.4,95,121.679817
0.3,101,122.197151
0.1,101,122.685329
0.1,21,122.803737
0.1,33,122.975467
0.2,101,123.463657
0.1,51,123.714458
0.1,31,123.876278
0.1,40,124.082116
0.2,71,124.427789
0.1,81,124.837007
0.1,29,125.005613
0.1,18,125.107779
0.1,73,125.442311
0.1,24,125.575169
0.1,18,125.681601
0.1,78,126.055039
0.1,101,126.535326
0.1,15,126.625293
0.1,60,126.910679
0.1,33,127.088731
0.1,39,127.28355
0.1,20,127.39329
0.1,36,127.57815
0.2,39,127.779232
0.1,33,127.95086
0.1,34,128.126877
0.1,13,128.209066
0.1,16,128.301133
0.1,75,128.655918
0.1,40,128.849318
0.5,87,129.287766
0.1,57,129.579998
0.1,26,129.720581
0.1,37,129.905833
0.1,35,130.083581
0.1,49,130.320603
0.1,51,130.580565
0.1,65,131.902055
0.0,23,132.023913
0.2,50,132.275083
0.1,60,132.573105
0.1,98,133.0451
0.1,61,133.336992
0.1,51,133.585716
0.1,57,133.874759
0.4,46,134.106882
0.1,25,134.241163
0.1,23,134.367193
0.1,101,134.844927
0.4,101,135.328104
0.1,59,135.614097
0.2,51,135.86645
0.2,28,136.009193
0.1,90,136.431436
0.0,101,136.902939
0.1,38,137.096926
0.1,27,137.249305
0.1,28,137.396355
0.3,99,137.873881
0.1,21,137.994659
0.1,16,138.087922
0.1,65,138.409483
0.1,46,138.649102
0.1,60,138.938069
0.1,81,139.341604
0.1,14,139.428487
0.1,21,139.546952
0.1,20,139.660889
0.1,27,139.804987
0.1,42,140.020979
0.2,27,140.165449
0.1,16,140.268661
0.1,28,140.415761
0.1,19,140.523402
0.1,71,140.860606
0.1,101,141.358503
0.1,53,141.626257
0.2,46,141.867734
0.4,79,143.252932
0.1,16,143.347405
0.0,101,143.822061
0.1,63,144.123132
0.1,84,144.532011
0.1,64,144.846041
0.1,54,145.107245
0.1,50,145.360799
0.3,65,145.680221
0.1,101,146.178654
0.2,23,146.301501
0.1,74,146.667562
0.1,101,147.176636
0.1,32,147.347483
0.1,33,147.521961
0.2,47,147.76411
0.1,49,148.006033
0.1,21,148.120707
0.1,22,148.241536
0.1,57,148.511977
0.1,14,148.598132
0.1,54,148.871647
0.1,68,149.203731
0.1,30,149.359878
0.1,15,149.449127
0.1,69,149.780655
0.1,59,150.061834
0.1,24,150.192991
0.5,101,150.69435
0.1,66,151.013788
0.1,101,151.519172
0.1,28,151.670926
0.1,31,151.837693
0.1,49,152.08406
0.4,94,152.56173
0.1,62,152.856795
0.1,14,152.942507
0.2,91,154.381303
0.1,57,154.651737
0.2,74,155.003186
0.1,21,155.121608
0.1,71,155.463129
0.1,21,155.57991
0.1,21,155.696123
0.2,86,156.108008
0.1,50,156.360861
0.1,22,156.479437
0.0,79,156.864169
0.1,61,157.14868
0.0,22,157.268494
0.2,28,157.415721
0.1,35,157.598501
0.1,38,157.793234
0.1,101,158.312459
0.3,49,158.560493
0.2,51,158.811918
0.1,26,158.949424
0.1,29,159.100789
0.1,15,159.191068
0.1,37,159.379389
0.3,40,159.584814
0.1,45,159.811103
0.1,46,160.040884
0.3,33,160.20292
0.1,40,160.406345
0.1,24,160.535682
0.1,73,160.888206
0.1,16,160.986856
0.2,69,161.317008
0.1,13,161.399486
0.1,49,161.645518
0.1,30,161.803552
0.1,38,161.998626
0.1,42,162.216055
0.1,18,162.319277
0.2,57,162.594604
0.1,33,162.773332
0.0,59,163.061257
0.3,101,163.566552
0.4,62,163.86816
0.2,77,164.250435
0.1,45,164.484969
0.1,21,165.602774
0.1,26,165.743529
0.1,20,165.857533
0.1,14,165.942059
0.1,26,166.075604
0.2,59,166.365139
0.1,58,166.645663
0.1,84,167.052927
0.1,62,167.34995
0.2,31,167.510636
0.1,101,168.003688
0.1,25,168.136262
0.2,30,168.295848
0.2,32,168.460463
0.3,38,168.653205
0.1,29,168.807548
0.1,19,168.913388
0.1,21,169.036343
0.1,31,169.197877
0.3,57,169.486339
0.2,97,169.958171
0.2,37,170.146625
0.2,24,170.273285
0.2,93,170.724362
0.4,101,171.223966
0.1,26,171.361038
0.1,101,171.842261
0.4,101,172.342753
0.3,53,172.603507
0.2,73,172.954422
0.1,19,173.063906
0.2,38,173.257284
0.1,30,173.413048
0.2,99,173.899759
0.2,101,174.388299
0.1,47,174.62412
0.1,30,174.796389
0.2,31,174.956644
0.1,101,175.441492
0.1,24,175.570237
0.3,69,176.922757
0.1,18,177.02289
0.1,21,177.138673
0.1,46,177.376711
0.1,23,177.502981
0.1,36,177.689815
0.1,60,177.986084
0.3,42,178.199261
0.1,68,178.526754
0.2,71,178.886192
0.4,84,179.297836
0.5,62,179.59445
0.1,32,179.760341
0.2,41,179.958047
0.1,101,180.449917
0.1,16,180.545062
0.2,86,180.964762
0.1,21,181.080057
0.3,101,181.575882
0.3,94,182.032191
0.1,13,182.111432
0.3,83,182.514205
0.1,37,182.71055
0.2,28,182.854662
0.1,19,182.963255
0.1,24,183.092269
0.1,37,183.279268
0.1,21,183.397047
0.1,59,183.680562
0.1,71,184.02602
0.1,48,184.26753
0.5,94,184.726094
0.2,80,185.113484
0.6,101,185.615034
0.1,26,185.753379
0.2,45,185.979597
0.1,39,186.177715
0.1,19,186.285809
0.5,50,186.534759
0.3,101,187.044455
0.2,101,188.532717
0.1,29,188.689282
0.1,101,189.169115
0.3,75,189.539786
0.1,26,189.679208
0.3,40,189.878435
0.1,15,189.967948
0.2,84,190.391004
0.3,43,190.608337
0.1,24,190.741067
0.1,27,190.886509
0.1,52,191.140345
0.2,37,191.328793
0.1,24,191.457528
0.3,44,191.67622
0.2,41,191.882864
0.2,77,192.265268
0.3,65,192.590912
0.1,25,192.724978
0.2,72,193.075998
0.5,101,193.594233
0.1,83,193.997319
0.1,83,194.409519
0.0,101,194.888861
0.2,93,195.345202
0.6,101,195.847784
0.4,66,196.188737
0.3,41,196.395755
0.5,55,196.668274
0.2,25,196.799774
0.1,58,197.082476
0.3,37,197.269572
0.2,57,197.54611
0.2,27,197.68883
0.4,82,198.098292
0.2,37,198.285089
0.2,36,199.4647
0.2,89,199.893067
0.7,73,200.255461
0.1,101,200.752479
0.3,65,201.063329
0.1,87,201.483979
0.7,101,201.9791
0.4,101,202.495354
0.1,93,202.947751
0.3,101,203.453407
0.6,101,203.955234
0.1,62,204.256108
0.3,44,204.473936
0.3,54,204.74314
0.3,49,204.983852
0.4,64,205.29047
0.1,33,205.461069
0.1,20,205.575312
0.2,27,205.719433
0.3,75,206.099514
0.0,101,206.566003
0.4,71,206.914704
0.2,101,207.387225
0.1,68,207.708749
0.1,24,207.839237
0.4,53,208.104341
0.3,61,208.418953
0.2,44,208.641747
0.1,70,208.996312
0.1,22,209.116676
0.4,67,209.453839
0.1,23,210.580306
0.1,70,210.916904
0.2,50,211.160303
0.2,34,211.33867
0.1,21,211.454233
0.2,76,211.838023
0.4,72,212.200122
0.4,52,212.458086
0.1,24,212.591083
0.1,22,212.713465
0.7,101,213.200339
0.4,96,213.679097
0.2,38,213.868759
0.2,41,214.077332
0.1,20,214.190256
0.1,22,214.310613
0.2,37,214.497047
0.1,55,214.76146
0.1,29,214.912587
0.1,20,215.023493
0.4,43,215.240258
0.0,101,215.716486
0.6,71,216.070026
0.4,43,216.28388
0.2,59,216.590619
0.4,101,217.076357
0.2,44,217.301131
0.6,55,217.582565
0.1,63,217.884311
0.5,48,218.123384
0.3,54,218.391154
0.1,72,218.734217
0.3,44,218.96546
0.2,27,219.108042
0.1,25,219.244286
0.6,72,219.596529
0.2,53,219.869365
0.3,101,220.347985
0.3,101,221.851655
0.1,48,222.083423
0.1,21,222.198164
0.1,20,222.308373
0.3,78,222.690301
0.6,69,223.020017
0.6,54,223.279204
0.4,101,223.773359
0.5,74,224.132445
0.4,36,224.304682
0.2,28,224.452203
0.1,24,224.582626
0.3,101,225.063146
0.1,24,225.196728
0.4,44,225.410928
0.7,60,225.716391
0.1,13,225.798015
0.5,50,226.049093
0.1,51,226.311857
0.3,71,226.664054
2.0,62,226.953109
0.2,30,227.11086
0.5,60,227.408144
0.5,101,227.916319
0.2,36,228.098035
0.3,101,228.591043
0.5,101,229.09675
0.4,59,229.396254
0.7,77,229.77008
0.1,76,230.127498
0.6,65,230.443577
0.2,29,230.595511
0.7,101,231.086461
0.7,101,231.579526
0.2,101,233.01985
0.3,42,233.22985
0.3,101,233.698771
0.5,101,234.190713
0.4,46,234.421081
0.4,60,234.709649
0.4,57,234.975814
0.6,86,235.390929
0.2,73,235.765815
0.3,44,235.982291
0.5,69,236.306632
0.2,26,236.440088
0.6,75,236.815764
0.4,59,237.096843
0.1,26,237.232435
0.6,92,237.697622
0.3,49,237.943482
0.1,15,238.03362
0.4,62,238.335019
0.4,101,238.83108
0.6,67,239.149701
0.3,37,239.331612
0.2,30,239.487992
0.6,101,239.937649
0.7,101,240.435763
0.2,73,240.788306
0.1,19,240.892826
0.1,21,241.005787
0.5,56,241.278378
0.3,94,241.729779
0.3,65,242.049579
0.6,80,242.426304
0.6,74,243.76478
0.2,28,243.91038
0.6,93,244.329087
0.6,49,244.58048
0.8,86,244.981674
0.1,65,245.294338
0.5,49,245.543269
0.1,31,245.705711
0.1,26,245.843649
0.5,101,246.309859
0.6,50,246.555294
0.2,78,246.925089
0.5,88,247.354033
0.1,14,247.438096
0.5,47,247.67859
0.2,101,248.174973
0.6,101,248.649639
0.6,101,249.117145
0.2,34,249.286601
0.5,85,249.709768
0.2,49,249.947624
0.7,79,250.333289
0.5,53,250.589375
0.6,96,251.07786
0.4,41,251.283752
0.5,87,251.709655
0.5,46,251.931907
0.3,40,252.132488
0.1,33,252.299777
2.0,59,252.587315
0.1,17,252.68569
0.2,47,252.932876
0.4,42,253.139568
0.2,47,253.37671
0.7,62,253.680402
0.3,36,254.83372
0.8,101,255.315242
0.7,84,255.72696
0.5,66,256.041133
0.3,50,256.286831
0.2,47,256.516208
0.1,24,256.646128
0.6,72,257.001964
0.3,34,257.169675
0.6,85,257.570382
0.7,79,257.955156
0.4,43,258.166854
0.3,31,258.333971
0.4,57,258.618563
0.6,50,258.868166
0.4,58,259.159269
0.2,28,259.3029
0.3,101,259.776314
0.4,43,259.99384
2.0,75,260.351267
0.6,62,260.644652
0.9,101,261.142128
0.4,74,261.504721
0.6,71,261.85386
0.3,35,262.017062
0.6,84,262.434085
0.5,56,262.71112
0.6,101,263.148765
0.6,67,263.4652
0.6,67,263.784854
0.6,77,264.135687
0.6,46,264.354127
0.5,101,265.822891
0.6,101,266.291414
0.3,101,266.791686
0.6,51,267.037366
0.6,101,267.532025
0.2,36,267.708681
0.6,73,268.056408
0.6,101,268.548413
0.6,71,268.885745
0.7,92,269.311206
0.2,42,269.524542
0.1,34,269.698275
0.6,64,270.033496
0.7,100,270.524993
0.5,81,270.913848
0.1,23,271.035705
2.0,66,271.341938
0.9,101,271.822779
0.5,79,272.202875
0.6,48,272.434131
0.3,30,272.590719
0.6,101,273.066682
0.4,37,273.245477
0.7,90,273.663046
0.2,31,273.819013
0.4,66,274.134732
0.5,101,274.588049
0.1,20,274.700942
0.5,52,274.963095
0.6,101,275.459193
0.2,49,276.689682
0.5,67,276.994994
0.5,57,277.270316
0.4,40,277.469283
0.6,65,277.792377
0.7,101,278.271238
0.9,101,278.765371
0.6,48,278.995132
0.4,66,279.305298
0.7,101,279.792098
0.7,89,280.224285
0.6,47,280.459091
0.6,101,280.929605
0.7,90,281.360474
0.4,41,281.560213
0.3,71,281.903412
0.6,101,282.408915
0.6,50,282.656106
0.1,25,282.789355
0.6,64,283.100881
0.6,101,283.564563
0.1,17,283.663007
0.7,101,284.152534
0.7,73,284.5075
0.9,89,284.929694
0.8,101,285.402608
0.4,44,285.631467
0.7,68,285.963123
0.8,101,287.439156
0.7,74,287.813794
0.7,76,288.174426
0.6,80,288.557776
2.0,63,288.857014
0.6,63,289.160529
0.3,44,289.3815
0.5,50,289.633411
0.5,101,290.129509
0.5,54,290.392548
0.6,46,290.626319
0.6,71,290.964591
0.5,75,291.330013
0.2,37,291.516383
0.8,75,291.873028
0.7,101,292.35475
0.3,59,292.648199
0.8,101,293.10021
0.6,48,293.330614
0.7,79,293.719087
0.3,49,293.965412
0.8,101,294.442806
0.7,100,294.917552
0.6,101,295.395276
0.7,81,295.772903
0.6,86,296.183776
0.8,83,296.580315
0.6,78,296.977764
0.5,82,298.368917
0.2,32,298.533387
1.0,96,298.99064
0.6,45,299.200089
0.6,45,299.419516
0.6,75,299.785415
0.4,101,300.269592
0.3,36,300.448595
0.7,101,300.918479
0.5,83,301.308468
0.6,76,301.682607
0.6,54,301.939991
0.6,101,302.376256
0.6,76,302.730392
1.0,75,303.080503
0.2,36,303.26212
0.4,58,303.539111
0.5,49,303.784616
0.3,33,303.95091
0.6,101,304.401642
2.0,70,304.749731
0.3,35,304.924526
0.5,55,305.192608
0.4,74,305.537176
2.0,64,305.835425
0.7,101,306.324824
0.7,75,306.683075
0.6,93,307.107991
0.7,101,307.600525
0.8,76,307.979404
0.4,47,309.195028
0.6,48,309.427935
0.6,46,309.660367
0.3,63,309.972768
2.0,74,310.336042
0.6,64,310.63702
0.6,46,310.856162
0.8,75,311.236579
0.8,70,311.574031
0.5,59,311.871478
0.4,40,312.062691
0.6,59,312.352885
0.9,101,312.83877
0.7,91,313.258193
0.5,71,313.607997
0.7,86,314.017581
0.5,68,314.355806
0.7,70,314.684978
0.7,66,315.004965
0.6,48,315.238586
0.7,89,315.663608
0.2,44,315.873751
0.6,101,316.346381
0.6,74,316.699767
0.7,76,317.064642
0.7,81,317.453317
0.2,40,317.654508
0.9,101,318.145426
0.5,71,318.493806
0.6,59,318.787523
0.7,93,320.20019
0.5,70,320.537066
0.6,101,320.99797
0.8,80,321.387412
0.7,87,321.801479
0.6,77,322.161797
0.0,101,322.633788
0.6,44,322.856728
2.0,74,323.202938
0.6,101,323.684595
0.6,46,323.909673
0.6,101,324.374189
2.0,73,324.742152
0.5,48,324.984487
0.6,48,325.220086
0.8,101,325.721223
0.4,60,326.030942
0.4,51,326.28821
0.6,72,326.636379
0.6,46,326.86414
0.5,47,327.097347
0.6,44,327.308816
0.6,81,327.705432
0.6,83,328.094696
0.6,75,328.469917
0.8,101,328.967518
0.6,58,329.255334
0.2,35,329.44285
0.7,89,330.861389
0.6,46,331.08743
0.8,96,331.526559
0.6,46,331.754699
0.2,25,331.885761
0.8,80,332.284161
0.6,45,332.502536
0.5,70,332.836252
0.6,46,333.058433
0.5,62,333.360173
2.0,73,333.712316
0.6,89,334.126197
0.5,47,334.357785
0.6,85,334.775527
0.2,42,334.982151
0.7,76,335.344187
2.0,71,335.686401
0.6,45,335.908292
0.6,101,336.376913
0.6,52,336.638619
0.6,101,337.099491
0.6,44,337.305975
0.4,47,337.538353
0.6,46,337.767708
0.6,87,338.187471
0.4,76,338.567589
0.8,101,339.052369
0.7,77,339.410744
0.6,81,339.800717
0.1,101,340.268194
0.6,52,340.527455
0.7,56,341.795521
0.6,45,342.016412
0.1,23,342.139128
0.6,47,342.365268
0.7,59,342.653942
0.4,101,343.127067
0.6,101,343.598794
0.5,58,343.895952
0.6,43,344.108949
0.6,60,344.40776
0.6,101,344.864514
0.6,78,345.21443
0.6,43,345.412511
0.4,38,345.60325
0.5,61,345.909546
0.5,101,346.368277
0.3,31,346.526474
0.6,45,346.742926
0.5,62,347.040593
0.7,101,347.508705
0.7,73,347.866989
0.9,101,348.349295
0.6,48,348.595834
0.7,67,348.916802
0.6,80,349.311434
0.6,101,349.813957
0.0,19,349.921421
0.7,87,350.327384
0.6,48,350.559877
0.6,60,350.856477
0.6,85,351.259855
0.5,101,352.743943
0.6,46,352.963151
0.6,45,353.176672
0.5,46,353.397133
0.7,84,353.805809
0.6,81,354.178926
0.8,101,354.681465
0.6,73,355.030058
0.7,86,355.44423
0.7,76,355.810127
2.0,81,356.190814
0.6,43,356.406349
0.7,101,356.900271
2.0,86,357.305195
0.6,69,357.646266
0.5,49,357.900363
0.6,101,358.416646
0.8,98,358.8938
0.7,101,359.368099
0.4,43,359.583715
0.7,65,359.892452
0.1,70,360.223845
0.8,77,360.602745
0.6,44,360.817081
0.6,101,361.319718
0.7,77,361.677504
0.4,95,362.155006
0.7,68,362.474602
0.6,50,363.710542
0.6,100,364.174069
0.6,46,364.394785
0.6,45,364.619985
0.6,74,364.96855
0.6,82,365.359639
2.0,66,365.666308
0.6,44,365.869656
0.7,97,366.353834
2.0,73,366.70593
0.7,60,366.995579
2.0,66,367.309833
2.0,64,367.60648
0.6,81,367.978635
0.8,101,368.463668
2.0,88,368.878001
0.6,45,369.089643
0.6,71,369.429425
0.6,44,369.635436
0.4,37,369.812638
0.7,101,370.301274
2.0,65,370.610343
0.6,45,370.821774
0.7,73,371.174279
0.2,44,371.395973
0.6,101,371.830406
0.1,60,372.125717
0.6,47,372.347751
2.0,72,372.689145
0.6,100,373.13763
0.6,61,374.418704
0.5,80,374.823418
0.6,101,375.299724
0.5,73,375.649452
0.1,51,375.899435
0.6,44,376.129091
0.5,50,376.382348
0.6,41,376.576204
0.7,92,377.020311
0.6,62,377.318946
0.7,75,377.672902
0.7,91,378.138353
0.9,100,378.602544
0.6,45,378.822794
0.6,48,379.048297
0.7,96,379.505809
1.0,101,379.982412
2.0,72,380.338684
0.6,101,380.804015
0.6,71,381.141206
0.6,47,381.365784
0.6,82,381.76789
0.6,101,382.226686
0.6,72,382.571448
0.8,80,382.974071
0.6,46,383.191485
2.0,77,383.558772
0.6,44,383.769515
2.0,69,385.090829
0.6,60,385.392214
2.0,78,385.767653
0.6,43,385.974608
0.6,45,386.19619
0.6,48,386.436918
0.6,48,386.668715
0.6,79,387.082746
0.6,45,387.299494
2.0,68,387.628002
0.6,45,387.842154
0.6,48,388.071968
0.6,45,388.287874
2.0,65,388.601508
0.6,45,388.824157
2.0,71,389.167212
0.6,53,389.425204
0.6,46,389.664382
0.5,101,390.112113
0.6,47,390.338322
0.7,76,390.699061
0.6,43,390.910651
0.6,45,391.126041
0.6,47,391.360052
0.7,83,391.747135
0.6,101,392.205975
0.6,69,392.528076
0.6,44,392.746394
0.7,94,393.205961
0.6,101,393.672733
0.4,59,393.950479
0.6,68,394.276864
0.4,54,394.551499
2.0,74,395.898347
0.7,69,396.230633
0.6,78,396.603827
0.8,72,396.951419
0.2,56,397.219317
0.6,44,397.422251
0.6,82,397.814951
0.6,64,398.122792
2.0,68,398.456611
0.6,72,398.788149
2.0,70,399.115974
0.6,44,399.321132
0.1,17,399.420521
0.6,84,399.829676
0.6,86,400.230323
0.6,45,400.448475
0.6,101,400.902067
0.8,101,401.385187
0.6,90,401.790448
0.6,43,401.987084
2.0,65,402.297999
0.3,36,402.478198
0.6,43,402.679947
0.4,37,402.855897
0.5,101,403.299605
0.7,64,403.613322
0.6,75,403.960041
0.6,76,404.323943
0.6,46,404.549448
0.6,43,404.752868
0.6,44,404.958436
0.7,78,405.338537
2.0,70,406.66325
0.9,98,407.120656
2.0,63,407.416788
2.0,90,407.845555
0.7,66,408.153904
0.6,81,408.544891
0.6,44,408.757856
0.5,78,409.147604
0.5,64,409.459727
0.4,48,409.694806
0.6,67,410.018012
0.6,88,410.440593
0.7,62,410.739938
0.8,101,411.203276
0.6,79,411.571028
0.6,45,411.789872
0.6,43,411.987997
0.6,44,412.19305
0.6,78,412.570111
0.6,63,412.877755
0.6,62,413.171298
0.8,77,413.521048
0.5,101,413.964983
0.5,101,414.419945
0.6,87,414.825911
2.0,70,415.160415
0.7,73,415.498313
0.5,45,415.718047
0.6,42,415.912563
0.6,72,417.244173
2.0,69,417.5647
0.6,44,417.777547
0.7,78,418.159881
0.6,69,418.4775
0.6,49,418.709039
0.6,45,418.920845
2.0,69,419.257778
0.6,44,419.461106
0.6,45,419.681443
0.6,44,419.895995
0.6,101,420.361159
0.7,89,420.788315
0.8,69,421.127801
0.7,69,421.464701
0.6,43,421.671738
2.0,65,421.98522
0.7,62,422.289672
2.0,73,422.631947
0.6,81,423.008852
0.6,45,423.219364
0.6,43,423.415684
2.0,67,423.73328
2.0,64,424.027165
0.9,101,424.505104
0.6,101,424.955975
0.6,44,425.158975
0.6,58,425.424936
2.0,92,425.856625
0.6,101,426.360766
0.6,101,426.819385
0.6,43,428.003389
0.6,51,428.245206
0.6,46,428.476613
0.6,44,428.700341
0.6,46,428.925516
0.6,49,429.176668
0.6,89,429.592769
2.0,62,429.880262
0.6,44,430.092433
2.0,69,430.419651
0.6,88,430.854676
0.6,68,431.182061
0.6,64,431.491142
0.8,59,431.777406
0.6,50,432.012423
0.8,62,432.296901
2.0,66,432.602679
0.6,44,432.811908
0.6,65,433.120083
0.6,92,433.572931
0.6,101,434.064078
0.6,72,434.39878
0.6,48,434.641669
0.6,44,434.845063
2.0,70,435.186024
0.6,68,435.51094
0.6,101,435.975448
0.6,90,436.392308
0.6,45,436.614708
0.6,47,436.834002
0.6,44,437.050435
0.6,57,437.324719
2.0,83,438.710809
0.6,72,439.064422
0.7,60,439.356266
0.6,52,439.615947
0.6,43,439.817573
0.6,43,440.027352
0.8,71,440.36914
2.0,67,440.702457
0.8,101,441.187449
0.6,42,441.386584
0.6,74,441.725062
0.6,86,442.128946
0.6,46,442.345328
0.6,43,442.548818
0.6,76,442.921872
2.0,67,443.241887
0.6,74,443.59702
2.0,76,443.959266
2.0,71,444.301654
0.4,46,444.528216
0.6,60,444.820137
0.6,49,445.061358
0.8,84,445.448298
0.8,62,445.742035
0.6,48,445.976447
0.6,45,446.188035
0.6,49,446.432012
0.7,72,446.767155
0.6,68,447.110852
0.8,64,447.414801
0.5,60,447.697962
0.6,47,447.935744
0.6,43,448.135842
0.6,47,448.375024
2.0,70,449.688087
0.6,101,450.192004
0.7,91,450.631473
0.6,46,450.84624
0.6,58,451.120453
0.6,93,451.564824
0.7,77,451.931182
0.6,69,452.264971
0.6,45,452.482123
0.6,70,452.814745
2.0,69,453.145223
0.6,84,453.521322
0.9,78,453.894303
0.6,47,454.126398
0.6,45,454.339532
0.6,63,454.649287
0.6,51,454.894155
0.7,78,455.259719
0.8,84,455.655149
0.6,47,455.886257
0.6,101,456.34158
0.6,62,456.631639
0.6,62,456.92619
2.0,93,457.35898
0.6,65,457.664127
2.0,79,458.038566
0.6,58,458.337634
0.6,101,458.799021
0.6,44,459.006095
0.5,101,460.45625
2.0,70,460.790227
0.6,45,461.011351
2.0,64,461.323219
0.6,43,461.527443
0.6,69,461.869807
0.6,101,462.358692
0.6,80,462.743846
0.6,64,463.049473
0.6,68,463.368653
0.6,44,463.576419
2.0,74,463.930743
0.6,59,464.210395
2.0,65,464.517923
2.0,67,464.840303
0.6,45,465.055916
0.6,69,465.373663
0.6,44,465.587348
2.0,69,465.922586
1.0,75,466.270562
2.0,66,466.578803
0.6,58,466.852368
2.0,66,467.161491
0.6,101,467.655802
0.4,51,467.906228
0.9,74,468.254021
0.3,50,468.503606
0.2,32,468.670932
0.6,45,468.883884
0.6,45,469.092329
0.1,14,469.176718
0.6,59,469.45585
0.6,60,469.764989
0.6,83,471.147064
0.8,90,471.568231
0.6,47,471.79421
0.6,49,472.024992
0.7,101,472.508493
0.6,43,472.723539
0.7,101,473.188456
2.0,71,473.51962
0.6,74,473.874624
0.6,44,474.091042
0.6,52,474.350049
0.6,81,474.723215
0.6,47,474.945831
0.6,43,475.152951
0.7,61,475.447369
0.6,54,475.713499
2.0,83,476.114272
0.8,75,476.461136
0.6,44,476.668837
2.0,76,477.027403
0.6,64,477.319479
0.8,87,477.727165
0.6,88,478.147936
0.7,101,478.598547
0.6,84,479.003498
0.6,42,479.197994
0.6,44,479.406637
0.6,44,479.615553
0.6,87,480.010237
2.0,74,480.360582
0.6,46,480.586977
0.6,44,481.772764
0.9,67,482.087924
0.6,50,482.319275
2.0,70,482.646266
0.6,100,483.108761
0.6,45,483.319148
0.7,101,483.793382
0.6,56,484.074453
0.8,70,484.404617
0.6,66,484.725561
0.6,67,485.049648
0.6,58,485.323734
0.7,88,485.728067
0.6,45,485.948928
0.6,44,486.152881
2.0,74,486.510828
0.6,83,486.905059
0.6,70,487.232167
0.6,70,487.556614
0.8,90,488.00365
2.0,67,488.332054
0.6,44,488.545389
0.6,44,488.761477
2.0,63,489.057016
0.6,47,489.280706
0.6,44,489.482549
0.6,87,489.908479
2.0,66,490.21793
0.6,44,490.433152
0.6,44,490.640993
0.6,45,490.851103
0.9,70,491.188246
0.6,43,491.399628
2.0,64,492.680835
0.6,44,492.890066
0.6,101,493.35941
2.0,93,493.798127
0.6,46,494.025063
0.6,76,494.381361
0.6,44,494.589289
0.6,43,494.79242
0.6,43,494.989912
2.0,68,495.321254
2.0,67,495.636312
0.8,99,496.117788
0.6,44,496.331126
0.6,45,496.547384
0.6,101,497.042597
0.6,57,497.304839
0.6,45,497.518432
0.6,56,497.793066
0.2,42,497.990353
2.0,92,498.456516
0.6,67,498.776214
0.7,76,499.136316
0.8,61,499.425922
0.6,46,499.650567
0.6,101,500.113316
0.6,43,500.321969
0.6,43,500.520524
0.6,101,500.98385
2.0,66,501.296691
2.0,63,501.593529
0.6,45,501.805051
1.0,90,503.228548
2.0,60,503.505653
0.6,49,503.742388
2.0,65,504.048972
0.6,84,504.424525
2.0,67,504.740705
0.6,46,504.953932
0.7,82,505.329583
2.0,74,505.673056
0.8,57,505.945598
0.6,101,506.421922
0.6,44,506.626083
2.0,73,506.969643
2.0,75,507.336693
2.0,67,507.649681
0.6,101,508.135588
2.0,68,508.458745
2.0,69,508.788137
0.8,60,509.066071
0.6,42,509.263144
0.3,40,509.462507
0.6,68,509.785731
0.6,83,510.171942
0.6,63,510.466016
2.0,71,510.796691
0.6,57,511.068134
0.6,90,511.504197
0.6,45,511.721304
0.6,101,512.180852
0.8,78,512.555436
0.6,48,512.79099
2.0,66,514.076304
0.6,44,514.289557
0.6,98,514.749743
0.9,77,515.113863
1.0,101,515.585557
0.6,44,515.793703
0.6,44,515.998956
0.8,77,516.354992
0.4,37,516.52406
0.6,47,516.755641
2.0,68,517.065273
0.6,47,517.291893
2.0,67,517.599416
0.6,43,517.80469
2.0,71,518.128963
0.6,90,518.544519
0.6,57,518.824189
0.6,67,519.136008
0.6,44,519.342931
0.6,64,519.643127
0.6,100,520.105938
2.0,64,520.403369
0.6,71,520.728491
2.0,68,521.041502
2.0,62,521.336582
0.9,75,521.700613
0.6,82,522.088764
0.6,47,522.308583
0.5,54,522.577516
0.6,45,522.791062
2.0,66,523.096414
0.6,66,523.408544
2.0,70,524.729464
2.0,65,525.032271
0.6,51,525.273749
2.0,71,525.609722
2.0,63,525.912333
0.6,43,526.11405
0.6,44,526.319021
2.0,70,526.648412
0.6,101,527.106238
0.6,44,527.317959
0.6,101,527.773628
1.0,73,528.111359
0.6,55,528.375176
2.0,68,528.701754
2.0,73,529.045609
2.0,66,529.356378
0.9,74,529.701479
2.0,68,530.016516
0.6,47,530.243683
0.6,76,530.596711
0.6,79,530.959465
0.6,82,531.345695
0.6,50,531.602876
2.0,75,531.964862
0.7,87,532.373177
2.0,68,532.706024
0.6,43,532.905319
0.6,46,533.122502
0.6,101,533.588807
0.6,43,533.792216
0.6,44,534.009224
0.6,46,535.224692
0.4,45,535.448412
0.6,45,535.674102
0.6,44,535.884493
0.6,74,536.221465
0.6,44,536.43103
0.6,44,536.642879
0.6,47,536.875294
0.8,83,537.294399
2.0,65,537.622503
0.6,45,537.838697
0.6,54,538.107089
0.6,43,538.307164
0.6,87,538.708497
0.6,76,539.058073
2.0,67,539.38528
2.0,66,539.707888
2.0,65,540.002842
0.6,44,540.209742
0.6,59,540.488786
0.7,85,540.918562
0.6,101,541.389548
0.6,77,541.739285
0.6,71,542.076771
0.6,62,542.379075
0.6,45,542.590076
0.8,95,543.038055
0.6,72,543.37138
0.6,66,543.687766
0.6,46,543.918456
0.6,101,544.388972
0.6,47,544.615194
0.6,43,544.81468
0.6,76,546.151091
2.0,66,546.469208
0.6,48,546.691192
2.0,70,547.034469
0.6,43,547.243191
0.6,45,547.452014
0.6,43,547.658463
2.0,65,547.970609
2.0,70,548.296919
0.7,53,548.548012
0.6,75,548.908269
0.6,73,549.267962
2.0,71,549.600846
2.0,84,550.00319
0.6,47,550.233183
0.6,46,550.457591
0.6,92,550.910534
0.7,76,551.269762
0.6,44,551.475276
0.6,45,551.697022
0.6,66,552.001351
0.6,54,552.264437
2.0,63,552.568616
0.6,44,552.779212
0.6,59,553.05831
0.6,45,553.270035
0.8,73,553.620456
0.6,74,553.992223
0.6,59,554.270997
0.6,63,554.564984
2.0,70,554.898723
0.6,45,555.117677
0.6,47,555.350095
0.6,70,556.653626
0.6,85,557.074182
0.6,79,557.446764
2.0,60,557.722817
2.0,72,558.071122
0.6,101,558.546556
2.0,74,558.909934
2.0,88,559.341579
0.6,46,559.559484
0.6,45,559.76892
0.6,46,560.001045
2.0,70,560.333207
0.6,57,560.607672
0.6,57,560.894192
0.7,73,561.240451
0.6,44,561.45155
0.6,67,561.759596
0.7,80,562.138992
2.0,75,562.496363
0.6,82,562.890785
0.6,70,563.220323
0.6,52,563.470967
0.6,82,563.850788
0.6,71,564.184351
0.6,43,564.384953
0.6,43,564.5868
2.0,67,564.906576
0.6,46,565.12878
2.0,71,565.451275
2.0,66,565.772588
0.6,45,565.988012
2.0,64,566.286046
0.6,49,567.503959
0.6,101,567.983866
0.6,44,568.191854
0.6,45,568.411708
0.6,101,568.884084
0.6,44,569.099905
2.0,67,569.415938
2.0,69,569.744387
0.6,51,569.985623
0.6,78,570.353451
0.7,72,570.688463
0.6,58,570.963859
2.0,71,571.310146
0.6,73,571.647002
0.6,76,572.003293
0.8,62,572.29201
0.6,73,572.633686
2.0,61,572.932007
0.6,75,573.297712
0.7,70,573.632485
0.8,74,573.992339
2.0,67,574.309263
2.0,58,574.584253
0.6,46,574.810708
0.6,101,575.267283
0.7,70,575.586451
0.6,45,575.805902
2.0,63,576.101683
0.6,50,576.347459
2.0,93,576.780983
0.6,49,577.026901
0.8,90,578.44916
0.6,71,578.861619
0.6,59,579.140131
0.7,64,579.44551
0.6,68,579.765188
0.6,44,579.975696
2.0,67,580.307472
0.6,76,580.669718
0.7,82,581.050069
0.6,48,581.279558
2.0,71,581.622528
2.0,67,581.937457
0.5,39,582.131541
0.8,80,582.517964
2.0,70,582.855714
0.6,46,583.083505
2.0,69,583.415724
2.0,66,583.733851
0.6,67,584.052101
0.6,75,584.416306
0.6,43,584.614557
0.6,90,585.037491
0.6,69,585.356511
0.6,66,585.679653
0.6,48,585.920931
0.7,77,586.291881
0.6,48,586.528751
0.6,90,586.927562
0.6,45,587.141918
0.6,101,587.619383
0.5,53,587.88566
0.6,43,589.077949
2.0,61,589.364649
2.0,71,589.720528
0.6,63,590.031699
0.6,55,590.310945
2.0,71,590.660754
2.0,60,590.946282
0.6,65,591.276162
0.1,62,591.566407
2.0,71,591.903485
0.6,79,592.270015
0.6,64,592.575919
2.0,67,592.90344
0.4,90,593.332988
0.6,44,593.544414
0.6,66,593.861569
0.6,101,594.343288
0.7,63,594.645053
0.6,81,595.015715
0.8,70,595.357181
0.6,45,595.577096
0.8,72,595.922552
2.0,64,596.227434
2.0,72,596.573071
2.0,66,596.882984
0.6,45,597.096945
0.5,75,597.471545
0.6,47,597.696397
0.6,43,597.903879
2.0,68,598.224532
0.6,64,598.523686
0.5,54,599.79286
0.6,44,600.005933
0.6,101,600.491251
0.6,72,600.844027
0.6,67,601.169397
0.6,74,601.514373
0.6,61,601.803073
0.7,59,602.100418
0.6,44,602.309176
0.6,101,602.773323
0.6,58,603.045135
0.6,43,603.25342
0.6,63,603.550402
0.6,75,603.919023
2.0,67,604.236891
0.6,50,604.479211
0.5,63,604.787644
2.0,58,605.058943
0.6,44,605.263478
0.6,58,605.5349
0.3,51,605.786127
0.6,62,606.091449
0.7,84,606.498434
2.0,68,606.839334
0.6,43,607.039484
0.6,53,607.289074
0.7,71,607.628554
0.6,81,608.028955
0.6,97,608.464034
0.4,41,608.6718
0.7,78,609.041079
0.6,48,609.270123
0.6,101,610.754188
2.0,60,611.032722
0.6,44,611.243273
0.6,90,611.659848
0.7,79,612.050724
2.0,75,612.399158
0.5,64,612.700778
0.8,78,613.075559
0.6,44,613.287052
2.0,65,613.610978
2.0,72,613.958938
2.0,62,614.247266
0.6,64,614.555605
0.6,81,614.930002
2.0,58,615.199801
0.6,78,615.607565
0.7,72,615.963558
2.0,70,616.300709
0.4,101,616.768666
2.0,60,617.052606
2.0,61,617.337667
2.0,58,617.603229
2.0,63,617.898036
0.9,79,618.271505
0.7,71,618.619804
0.6,65,618.930733
2.0,69,619.264332
0.6,69,619.588344
2.0,62,619.889832
0.5,65,620.208824
0.7,71,621.552688
0.5,38,621.743857
0.6,75,622.094305
0.5,82,622.503947
2.0,60,622.795182
2.0,78,623.161024
0.6,66,623.480989
0.6,73,623.824696
2.0,65,624.134808
0.6,84,624.542162
0.6,70,624.871925
0.4,100,625.32965
0.6,41,625.525919
0.6,89,625.927111
0.6,70,626.257121
0.6,60,626.547688
0.6,58,626.825872
0.6,86,627.22396
0.6,45,627.435536
0.6,48,627.679126
0.6,60,627.96212
0.6,51,628.215626
0.2,35,628.382473
0.6,44,628.593389
2.0,76,628.986015
2.0,61,629.279118
0.6,63,629.575534
2.0,59,629.8528
0.6,60,630.152981
0.6,43,630.359877
0.6,47,630.583316
2.0,68,630.908025
0.6,45,631.128382
2.0,59,632.410394
0.6,45,632.624126
0.6,46,632.844315
0.5,101,633.319747
2.0,67,633.648618
2.0,61,633.938068
0.6,44,634.15471
0.5,48,634.383521
0.6,44,634.590268
0.6,44,634.798461
0.6,101,635.260301
0.6,42,635.46589
0.6,82,635.865048
0.6,45,636.079326
0.6,46,636.308752
0.6,45,636.521356
2.0,65,636.836548
0.6,97,637.280123
2.0,59,637.553643
2.0,67,637.883986
0.6,68,638.206727
0.6,74,638.541449
0.4,37,638.722405
0.6,45,638.942479
0.6,83,639.340778
0.6,45,639.562705
0.6,45,639.783118
2.0,62,640.083326
0.2,35,640.253511
0.5,59,640.528844
0.6,45,640.752069
0.6,101,641.214957
0.4,88,641.634622
0.6,47,641.858198
0.6,78,643.232318
2.0,76,643.607181
0.4,57,643.884277
2.0,63,644.186041
2.0,75,644.560737
0.6,67,644.883125
0.6,70,645.217677
0.6,46,645.446524
0.6,46,645.677963
2.0,63,645.980096
2.0,76,646.342257
0.6,45,646.558681
0.6,73,646.896155
0.6,43,647.102353
0.6,44,647.319671
2.0,66,647.636859
0.6,45,647.858348
0.6,60,648.137884
0.5,64,648.436087
0.6,79,648.798182
0.6,94,649.257734
0.6,101,649.720748
0.6,79,650.090878
0.6,86,650.499249
0.6,59,650.789709
0.6,46,651.015368
0.6,69,651.352655
0.6,68,651.671408
0.8,70,652.012255
0.6,101,652.48202
0.5,75,653.830794
0.6,45,654.050418
2.0,70,654.391403
2.0,64,654.701067
0.6,61,654.988964
2.0,66,655.30305
0.6,84,655.691
2.0,63,655.9965
2.0,71,656.341217
0.6,87,656.739121
0.6,101,657.213919
2.0,67,657.53535
0.6,44,657.750866
1.0,86,658.169942
0.1,55,658.431486
0.6,65,658.744225
0.6,64,659.057276
0.6,76,659.447463
0.6,67,659.769086
0.6,44,659.977456
0.6,43,660.183691
2.0,60,660.474975
2.0,70,660.819301
0.6,101,661.264372
0.6,47,661.49136
0.7,69,661.828784
0.7,67,662.150073
2.0,63,662.460224
0.6,65,662.760664
2.0,64,663.0683
0.6,66,663.379863
2.0,69,664.712282
0.6,101,665.1802
0.6,101,665.655495
0.6,44,665.86526
0.5,53,666.125367
0.6,66,666.433249
0.9,78,666.815795
2.0,62,667.099443
0.6,42,667.306383
0.6,85,667.698594
0.6,43,667.899553
0.6,44,668.106135
0.6,45,668.318265
0.6,50,668.55527
0.6,94,668.9818
0.6,67,669.299482
0.7,65,669.603303
0.3,35,669.778119
0.6,45,669.987908
0.6,47,670.21613
0.6,46,670.429801
0.6,101,670.892578
2.0,77,671.264854
2.0,75,671.606942
0.6,45,671.823024
0.6,44,672.024537
0.6,44,672.23991
2.0,64,672.540514
2.0,72,672.882169
0.6,82,673.270189
0.6,44,673.487596
2.0,72,673.838516
2.0,63,674.132795
2.0,63,675.407218
2.0,72,675.76288
0.6,45,675.986529
2.0,65,676.290377
0.4,36,676.458806
0.8,64,676.760131
0.6,101,677.215449
0.3,36,677.383502
0.6,62,677.680631
0.6,44,677.887543
0.6,42,678.091284
0.6,49,678.3221
0.8,97,678.78177
0.6,43,678.980333
2.0,69,679.316216
0.6,43,679.516825
0.6,44,679.726068
2.0,69,680.056028
0.6,101,680.516774
0.7,101,681.017738
0.6,45,681.229984
0.6,71,681.55383
2.0,65,681.860148
0.6,77,682.208175
0.6,46,682.43648
0.5,56,682.702414
0.6,43,682.903111
0.3,57,683.177243
0.6,84,683.552431
2.0,67,683.868419
2.0,66,684.183566
0.6,46,684.396928
0.9,101,685.832183
0.8,77,686.198689
0.6,96,686.627563
0.6,72,686.953636
2.0,65,687.247447
0.6,101,687.693358
2.0,69,688.020532
0.7,57,688.296587
0.7,51,688.540766
0.6,92,688.96919
0.6,43,689.17378
0.6,44,689.387193
0.6,101,689.820472
0.6,51,690.067078
0.6,44,690.27062
2.0,64,690.579604
0.7,84,690.990243
0.6,57,691.263657
2.0,71,691.604188
0.6,101,692.051989
0.6,60,692.339468
0.6,47,692.559806
0.6,73,692.905735
0.6,78,693.271321
0.6,44,693.47788
2.0,68,693.796291
0.6,43,694.007853
0.6,101,694.465763
0.6,76,694.823969
0.6,88,695.218648
0.6,59,696.474927
0.6,43,696.690722
0.6,72,697.030831
0.6,101,697.510333
0.6,59,697.796601
0.6,69,698.113395
0.5,84,698.503006
0.6,91,698.922871
0.6,45,699.14638
0.5,43,699.355192
0.2,80,699.742698
0.6,100,700.210903
2.0,62,700.507822
0.6,79,700.881508
0.9,69,701.198056
0.6,101,701.64855
0.6,44,701.854999
0.6,76,702.215519
0.6,47,702.434776
0.6,44,702.638574
0.6,76,702.992972
0.6,45,703.208341
0.6,43,703.413024
0.7,95,703.875546
0.6,79,704.254395
0.6,44,704.45925
0.6,43,704.66938
0.8,67,704.985069
0.6,47,705.207971
2.0,90,705.639345
0.6,45,705.852804
0.6,42,707.037682
0.6,43,707.247001
0.6,66,707.555251
0.6,45,707.768445
0.6,94,708.228604
0.8,96,708.686535
0.6,52,708.931427
0.6,97,709.386736
0.6,44,709.594559
2.0,64,709.898426
2.0,74,710.24923
2.0,67,710.557936
2.0,68,710.893042
2.0,68,711.228454
0.0,101,711.71193
0.6,46,711.936294
0.6,89,712.348499
0.6,53,712.600267
0.6,43,712.813828
0.6,43,713.015183
0.6,65,713.320027
0.6,101,713.781038
0.6,45,713.999392
2.0,70,714.319952
0.5,52,714.567579
0.6,101,715.036065
0.6,69,715.351641
0.6,54,715.612929
2.0,81,715.985308
0.8,71,716.318116
0.6,45,716.537186
0.6,79,717.885871
0.6,81,718.259811
0.6,101,718.713741
0.6,44,718.924271
1.0,101,719.40525
2.0,63,719.699697
0.6,66,720.016221
0.6,76,720.396865
0.6,45,720.612978
0.6,43,720.821534
2.0,64,721.119606
0.6,59,721.40842
2.0,72,721.756074
0.5,38,721.938758
0.6,43,722.146288
0.6,87,722.563871
2.0,84,722.955767
2.0,74,723.301903
2.0,70,723.619436
0.6,47,723.846732
2.0,70,724.18304
0.6,43,724.3846
0.6,45,724.608509
0.6,71,724.944152
0.6,47,725.163243
0.5,57,725.434609
0.7,81,725.81588
0.6,85,726.194919
0.4,90,726.598663
0.6,74,726.939136
0.6,83,728.322368
2.0,76,728.689163
2.0,68,729.001946
0.6,48,729.236583
2.0,68,729.565367
0.6,43,729.769903
0.6,45,729.981992
0.7,64,730.284822
0.6,101,730.746506
0.0,101,731.247972
0.6,47,731.472941
0.6,44,731.681721
0.6,58,731.955896
0.7,101,732.402135
0.6,96,732.835673
0.6,45,733.044513
0.8,62,733.351934
0.6,44,733.560913
0.6,45,733.776472
0.6,43,733.979358
2.0,72,734.329348
0.6,46,734.546426
0.6,43,734.754173
2.0,64,735.064598
0.8,73,735.411801
2.0,70,735.748602
2.0,67,736.060429
0.6,76,736.421896
0.6,80,736.791406
2.0,66,737.108682
2.0,66,737.423073
0.6,101,737.91535
0.6,71,739.235924
0.6,75,739.596213
0.6,44,739.809561
0.6,85,740.212882
0.6,66,740.526407
0.6,43,740.729095
0.6,64,741.050131
0.6,44,741.25639
0.8,67,741.571792
0.6,47,741.8064
0.6,67,742.125901
0.6,43,742.32795
2.0,65,742.648219
0.6,68,742.965033
0.6,73,743.315422
2.0,65,743.620175
0.6,61,743.913862
2.0,70,744.243572
0.6,83,744.620449
0.6,58,744.892604
0.6,89,745.310657
0.6,44,745.516889
0.6,43,745.719777
0.6,68,746.053796
0.6,43,746.256841
0.6,44,746.472397
0.6,83,746.880544
0.6,44,747.088838
0.6,84,747.468782
0.8,62,747.761655
0.6,67,748.071026
0.6,46,748.2867
0.6,87,749.701532
0.6,44,749.908269
0.9,71,750.239534
0.6,72,750.594613
2.0,65,750.89983
0.6,43,751.105922
0.6,101,751.580453
2.0,66,751.890057
0.6,44,752.09528
0.6,101,752.589274
0.6,45,752.812725
2.0,67,753.144775
2.0,71,753.480269
0.6,88,753.879803
0.6,43,754.082364
0.6,56,754.34732
0.6,44,754.562801
0.6,64,754.867815
2.0,60,755.149694
0.6,43,755.360721
0.7,87,755.770705
0.6,101,756.237375
2.0,68,756.571204
0.6,70,756.905826
0.6,43,757.108388
0.6,76,757.467743
2.0,63,757.767564
0.7,65,758.070296
0.6,44,758.282137
2.0,63,758.58091
0.6,65,758.887166
2.0,70,759.221321
0.6,55,760.473956
2.0,71,760.818719
0.6,101,761.304751
2.0,72,761.662133
0.6,45,761.878317
0.6,82,762.263447
2.0,72,762.607267
0.6,96,763.042683
2.0,62,763.334429
2.0,66,763.646228
0.6,60,763.948232
0.6,81,764.331443
0.6,101,764.805737
0.6,65,765.120229
0.6,45,765.337183
2.0,66,765.668705
0.6,45,765.882822
0.6,47,766.113402
2.0,70,766.44305
0.8,91,766.878765
0.8,83,767.275232
0.7,87,767.67416
0.6,101,768.106957
2.0,70,768.446995
0.6,51,768.696861
0.6,101,769.148602
0.6,43,769.346678
0.6,71,769.684532
0.7,75,770.042075
0.6,43,771.249814
0.6,69,771.576855
0.6,101,772.034491
0.8,72,772.382197
2.0,64,772.696658
0.6,44,772.9175
0.6,45,773.13467
0.6,67,773.460107
2.0,100,773.940725
0.8,63,774.257326
0.6,85,774.685313
2.0,82,775.083702
0.8,81,775.473784
0.6,45,775.691967
0.6,48,775.923003
0.6,45,776.149644
0.6,43,776.359234
0.8,81,776.753386
2.0,65,777.061325
0.7,74,777.409678
0.6,42,777.607344
0.6,66,777.930696
2.0,80,778.312756
0.6,47,778.539666
0.6,68,778.864557
2.0,67,779.181725
0.6,87,779.594538
2.0,69,779.928288
0.6,45,780.14309
0.7,63,780.443289
0.6,45,780.671408
0.6,101,782.170037
0.6,48,782.397856
0.7,53,782.663186
0.6,48,782.896781
2.0,71,783.231546
0.6,101,783.712984
0.9,71,784.052745
0.7,85,784.461892
0.6,62,784.754573
2.0,67,785.077662
0.6,44,785.287386
0.6,85,785.688398
0.6,44,785.896856
0.6,45,786.123869
0.6,44,786.332717
2.0,69,786.671076
0.8,61,786.967912
0.6,44,787.183651
0.6,79,787.570573
0.6,43,787.778471
0.6,53,788.027654
0.6,78,788.408208
2.0,65,788.722507
0.6,44,788.93849
2.0,72,789.26715
0.6,101,789.742579
0.6,88,790.144928
0.6,45,790.358214
2.0,73,790.705821
0.6,50,790.959736
0.7,66,791.268799
2.0,75,791.62882
0.8,101,793.101805
1.0,96,793.555523
0.6,43,793.764591
0.8,70,794.098984
0.6,44,794.315306
0.6,44,794.526852
0.6,101,794.970782
0.6,83,795.376225
0.7,67,795.695782
0.6,44,795.903202
0.7,83,796.289646
0.7,68,796.629453
0.6,73,796.985537
0.6,84,797.390213
2.0,66,797.706603
2.0,65,798.024414
2.0,65,798.336118
2.0,73,798.682834
0.6,44,798.893975
0.7,66,799.215299
2.0,65,799.514503
0.6,48,799.748305
2.0,70,800.066642
2.0,78,800.461237
2.0,75,800.821718
0.6,46,801.043677
0.6,85,801.437858
2.0,67,801.768183
0.6,43,801.972718
2.0,68,802.299907
0.6,43,802.504869
0.8,67,803.827746
0.8,71,804.165714
2.0,66,804.480812
0.8,67,804.808461
0.6,65,805.121393
2.0,68,805.443795
0.6,66,805.779121
2.0,70,806.11868
0.6,59,806.411722
0.6,42,806.608981
0.6,83,807.007302
0.6,44,807.214283
0.7,48,807.46168
0.7,73,807.811235
0.6,42,808.01841
2.0,61,808.302077
0.6,45,808.523278
2.0,69,808.856532
0.8,84,809.250352
2.0,66,809.575115
0.6,101,810.064272
0.6,44,810.266704
0.6,77,810.642001
0.6,55,810.919912
2.0,63,811.220535
2.0,75,811.58008
0.6,43,811.792944
2.0,65,812.093971
0.6,84,812.491271
0.6,44,812.698683
0.6,101,813.178557
0.6,101,814.62373
0.6,45,814.84833
0.6,82,815.222308
0.6,101,815.682667
0.6,45,815.896449
2.0,66,816.216701
0.6,67,816.524194
0.6,45,816.750248
0.6,59,817.028046
0.6,81,817.396469
0.6,45,817.620451
0.6,43,817.834301
0.6,101,818.305211
0.7,67,818.629444
0.7,101,819.115751
0.6,83,819.498766
0.6,42,819.695962
0.6,44,819.911423
0.6,44,820.127704
0.6,87,820.526237
2.0,74,820.881528
2.0,71,821.222355
0.6,101,821.69309
0.6,44,821.902739
0.6,69,822.240746
0.6,53,822.496637
0.6,44,822.712588
0.7,94,823.158484
0.7,54,823.42391
2.0,71,823.769847
0.6,48,823.995723
2.0,63,825.27981
0.6,46,825.505244
2.0,67,825.828847
2.0,67,826.14684
0.6,76,826.503917
0.6,42,826.711578
0.6,77,827.070285
0.6,63,827.373921
0.6,43,827.576399
0.6,43,827.79131
0.8,73,828.131606
0.6,44,828.348948
0.6,45,828.571035
0.6,67,828.888524
0.6,77,829.244806
0.6,44,829.447212
2.0,70,829.788461
0.7,93,830.241455
0.6,45,830.464664
2.0,65,830.774958
0.6,45,830.989135
0.6,59,831.271361
0.8,68,831.600332
0.6,43,831.808653
2.0,64,832.106144
0.6,43,832.310263
2.0,68,832.630743
0.6,48,832.87065
2.0,74,833.221631
0.6,43,833.433022
0.6,43,833.639315
0.8,93,834.096487
0.6,53,834.354928
2.0,87,834.767885
0.8,62,836.054083
0.6,70,836.385954
0.6,43,836.593973
2.0,65,836.912155
0.6,42,837.10789
0.6,44,837.31912
0.6,44,837.522465
0.6,44,837.736544
2.0,63,838.041188
0.6,76,838.39428
2.0,82,838.783592
0.6,88,839.202122
0.6,68,839.531209
0.6,58,839.802812
0.6,43,840.000816
0.8,70,840.32985
0.6,44,840.548452
2.0,65,840.848137
0.6,101,841.312632
2.0,67,841.620811
2.0,67,841.944684
0.6,45,842.164525
0.6,43,842.367316
0.6,91,842.779117
0.6,42,842.973974
0.6,101,843.461173
2.0,72,843.797171
0.6,58,844.068954
0.6,44,844.285289
0.6,47,844.518761
0.6,44,844.729959
2.0,71,845.059034
0.6,74,845.401776
0.6,45,845.615435
0.6,58,846.882555
0.6,44,847.088088
0.6,45,847.299308
0.6,63,847.59443
0.6,45,847.807847
0.6,88,848.207535
0.6,46,848.426632
0.8,65,848.729387
0.6,41,848.920964
0.6,51,849.165802
0.6,43,849.371017
2.0,67,849.690282
0.6,54,849.945443
0.6,61,850.239445
0.6,101,850.730826
2.0,73,851.082286
0.6,68,851.420742
0.6,44,851.627465
0.6,43,851.84047
0.7,59,852.119211
2.0,75,852.480118
0.7,69,852.803839
0.6,62,853.095697
2.0,92,853.544366
0.6,45,853.756368
0.6,44,853.962846
0.5,71,854.295981
2.0,66,854.600779
0.7,65,854.906839
0.6,44,855.125176
0.6,101,855.588549
0.6,43,855.797407
0.6,43,855.995147
2.0,68,856.324626
0.6,68,857.625853
2.0,63,857.916304
0.6,77,858.276141
0.6,43,858.477695
0.7,94,858.935982
0.5,89,859.355697
0.6,51,859.596874
0.6,101,860.072519
0.6,58,860.342648
0.6,54,860.602869
0.6,69,860.923298
0.6,72,861.270847
0.6,47,861.494632
0.6,45,861.719478
0.7,66,862.02879
0.6,44,862.239565
0.6,86,862.635938
0.7,83,863.015715
2.0,76,863.372856
0.6,44,863.57824
0.6,44,863.787833
0.6,44,864.000785
0.6,45,864.216256
0.6,55,864.476573
0.6,46,864.695728
0.6,64,864.996005
0.7,78,865.348985
0.6,44,865.555644
0.6,79,865.916255
0.6,47,866.132945
0.6,44,866.340451
0.5,47,866.574466
0.6,44,866.781672
0.5,48,867.993759
0.7,67,868.310044
2.0,88,868.737789
0.6,92,869.190734
0.6,68,869.501614
0.6,45,869.718534
2.0,63,870.010519
2.0,72,870.351643
0.7,64,870.6491
2.0,63,870.947345
2.0,77,871.330235
0.6,70,871.668306
0.6,65,871.971107
0.6,45,872.184073
0.6,45,872.406599
0.6,44,872.618715
2.0,64,872.92167
2.0,70,873.266289
2.0,64,873.564901
0.6,43,873.775384
0.6,101,874.249689
0.6,67,874.569174
0.6,91,874.975379
0.8,73,875.331587
0.6,45,875.542262
0.7,77,875.905545
0.6,55,876.164214
2.0,75,876.516868
2.0,67,876.841824
0.6,44,877.046234
2.0,68,877.381211
0.6,55,877.639126
0.8,63,878.925823
0.6,43,879.132503
0.6,44,879.3419
0.6,75,879.697768
2.0,69,880.028113
2.0,71,880.363008
0.6,75,880.713411
0.6,44,880.923057
0.6,101,881.378461
2.0,65,881.685528
2.0,71,882.022742
2.0,64,882.321823
0.6,47,882.542888
0.6,44,882.749536
0.6,89,883.162199
2.0,71,883.507751
0.6,54,883.774244
0.6,101,884.2393
0.6,44,884.453987
0.7,63,884.760399
0.6,45,884.972201
0.6,50,885.224591
2.0,72,885.57488
0.6,46,885.795597
0.6,89,886.221021
0.6,44,886.433641
0.6,47,886.655578
0.6,43,886.857405
0.6,41,887.049515
0.6,48,887.284255
0.6,44,887.497902
0.7,63,887.795434
0.6,43,887.997366
0.4,35,888.164481
0.6,71,889.488654
0.7,72,889.832297
2.0,63,890.12749
0.6,44,890.332621
0.6,101,890.79647
0.6,43,890.999362
2.0,69,891.332654
0.6,101,891.769083
0.6,44,891.987671
0.6,60,892.277452
2.0,66,892.595413
2.0,70,892.916049
0.6,44,893.12518
2.0,71,893.469895
2.0,65,893.787574
0.7,81,894.162677
0.6,91,894.590017
0.6,45,894.812395
0.6,101,895.30022
0.6,60,895.576505
0.6,60,895.872409
0.6,101,896.338469
0.6,43,896.539731
0.6,66,896.851056
0.6,43,897.061478
0.6,80,897.425443
0.6,72,897.768777
0.8,57,898.032508
0.8,93,898.473202
0.6,55,898.737263
0.6,77,900.090017
0.6,48,900.323879
0.6,43,900.530405
0.6,68,900.845436
0.8,73,901.200802
0.7,68,901.520369
0.6,59,901.794923
0.6,57,902.05949
2.0,78,902.440933
2.0,63,902.746393
0.6,57,903.015725
2.0,64,903.319089
0.6,43,903.523248
2.0,68,903.856762
0.6,44,904.067661
0.6,45,904.287113
2.0,67,904.604866
0.6,43,904.812794
0.7,78,905.174269
0.6,58,905.442395
0.6,43,905.645741
0.6,61,905.935263
0.6,53,906.205404
0.6,44,906.423051
0.6,58,906.70778
0.6,44,906.917875
0.6,58,907.187303
0.7,72,907.524005
0.6,44,907.737261
0.6,45,907.953656
0.6,101,908.405232
0.6,43,908.617595
0.6,46,908.840197
0.6,43,909.037475
0.7,64,909.335423
0.6,49,909.569142
0.6,46,909.78911
2.0,87,911.204
2.0,68,911.533648
0.6,44,911.747453
0.6,43,911.94801
0.6,44,912.155133
0.6,45,912.373258
0.1,16,912.465248
2.0,61,912.75196
0.6,83,913.133101
2.0,70,913.468557
2.0,71,913.821461
0.7,85,914.226929
2.0,70,914.562013
0.6,80,914.946102
0.6,55,915.214555
2.0,66,915.525979
0.6,101,916.022151
2.0,68,916.358352
2.0,70,916.710191
0.6,52,916.967519
0.6,43,917.174561
0.8,67,917.499989
0.6,100,917.984212
2.0,70,918.317209
2.0,70,918.657486
0.6,49,918.895995
2.0,69,919.222873
2.0,76,919.592376
0.7,48,919.8199
0.6,57,920.09534
0.6,62,920.388376
0.6,74,921.731922
2.0,78,922.113
2.0,69,922.45164
0.7,101,922.940893
0.6,65,923.26323
0.6,101,923.74705
0.6,46,923.973891
0.6,93,924.424342
0.6,75,924.789025
0.8,65,925.087994
0.6,80,925.483898
0.6,62,925.783815
0.6,100,926.265774
0.6,59,926.543749
2.0,77,926.912571
0.6,54,927.188127
0.6,58,927.471203
0.6,69,927.789107
0.7,49,928.021281
0.6,87,928.457675
0.6,66,928.787728
0.6,44,928.997918
0.6,101,929.466079
0.6,43,929.675749
0.6,55,929.953634
0.6,101,930.415859
2.0,68,930.748674
0.6,43,930.955456
0.6,43,931.159132
0.9,101,932.637583
0.6,64,932.942938
0.6,65,933.246291
2.0,64,933.548608
0.6,75,933.906467
0.6,64,934.204751
0.6,63,934.501155
0.6,63,934.809791
0.8,80,935.195775
0.6,45,935.407833
0.6,64,935.713029
2.0,69,936.036197
2.0,66,936.347084
0.6,76,936.695199
0.6,43,936.899764
2.0,62,937.191601
0.6,43,937.390406
2.0,69,937.712347
2.0,66,938.022157
0.6,45,938.234505
0.6,58,938.514128
0.6,61,938.809899
0.6,69,939.126091
0.6,43,939.329084
2.0,66,939.651564
0.6,83,940.027154
0.6,44,940.232914
0.6,74,940.58448
0.6,101,941.046941
0.6,44,941.253406
0.6,82,941.64804
0.6,62,941.94855
2.0,70,943.256153
0.6,75,943.599849
0.6,46,943.8283
0.8,67,944.138538
2.0,70,944.469935
0.7,101,944.962202
0.6,44,945.168639
2.0,74,945.525995
2.0,68,945.859714
0.6,101,946.339463
0.6,54,946.601147
0.6,101,947.085638
0.6,44,947.289028
0.6,43,947.494907
0.6,90,947.927188
0.6,43,948.126413
0.6,42,948.320807
2.0,68,948.644707
0.6,54,948.925278
0.6,64,949.22898
2.0,69,949.558304
2.0,68,949.891326
0.7,101,950.36546
0.5,51,950.621356
0.6,45,950.839589
0.6,48,951.079135
2.0,79,951.460668
2.0,77,951.83036
0.6,44,952.03743
2.0,64,952.339749
0.6,58,952.619025
2.0,65,952.921089
0.6,44,954.103623
2.0,64,954.403294
0.6,48,954.644727
0.6,59,954.917529
0.6,73,955.255898
0.6,43,955.452687
0.6,46,955.675047
0.6,101,956.137141
0.6,43,956.344111
0.6,59,956.614822
0.6,72,956.959739
0.6,44,957.17517
0.8,63,957.46303
2.0,68,957.795896
0.6,44,958.011087
0.6,77,958.369975
0.6,50,958.612163
2.0,77,958.985249
0.6,48,959.213878
2.0,66,959.5159
2.0,68,959.839096
2.0,71,960.171253
0.6,59,960.455886
0.6,101,960.929354
0.6,57,961.190928
0.6,43,961.397301
0.5,50,961.640564
0.6,45,961.861795
1.0,89,962.289677
0.6,72,962.640755
0.6,45,962.857273
0.6,67,963.167891
0.6,44,963.37533
0.6,90,964.776767
2.0,75,965.125968
0.6,74,965.492102
0.6,43,965.702925
0.6,91,966.132331
0.6,59,966.403774
2.0,67,966.732653
0.6,75,967.084521
0.6,78,967.448974
0.6,55,967.725267
2.0,80,968.108017
2.0,66,968.423334
0.6,48,968.652349
0.6,50,968.893786
0.6,73,969.233246
0.6,79,969.593956
0.6,67,969.898097
0.6,44,970.105761
0.8,66,970.426054
0.8,83,970.809933
2.0,72,971.151375
2.0,67,971.475803
0.6,65,971.789429
2.0,69,972.119238
0.6,101,972.568274
0.6,86,972.985057
0.9,72,973.332089
0.6,46,973.558952
2.0,73,973.912761
2.0,66,974.2255
2.0,68,975.531564
0.6,83,975.931359
0.6,45,976.142001
0.6,44,976.347481
0.6,86,976.745783
0.6,64,977.041289
0.6,44,977.251164
0.6,43,977.455498
2.0,70,977.791452
2.0,70,978.126829
2.0,73,978.464322
0.6,44,978.673763
0.8,65,978.982595
0.6,45,979.193824
0.9,97,979.655423
0.8,72,980.004497
2.0,69,980.327138
0.6,83,980.711175
2.0,68,981.031868
0.6,42,981.229456
0.6,101,981.693665
0.7,82,982.069626
2.0,79,982.446002
0.6,48,982.677958
0.6,57,982.949843
0.6,64,983.251027
0.6,48,983.479665
2.0,67,983.805868
2.0,65,984.110421
0.6,69,984.430808
0.6,98,984.900889
0.6,44,986.084675
0.6,47,986.307135
0.6,54,986.586505
0.6,82,986.985513
0.6,83,987.364254
0.6,101,987.824744
2.0,71,988.171178
2.0,68,988.497366
2.0,69,988.823597
0.7,71,989.165586
0.6,48,989.389965
0.6,45,989.60825
0.9,75,989.965549
0.6,44,990.17318
0.6,75,990.533692
2.0,68,990.861427
0.7,53,991.112327
0.6,45,991.323503
0.6,42,991.517462
0.6,44,991.727476
0.6,45,991.937784
0.6,44,992.138103
0.6,42,992.333266
2.0,68,992.656883
0.6,101,993.154916
0.6,78,993.523348
2.0,67,993.84556
0.8,101,994.314155
0.6,43,994.519604
0.6,73,994.875314
2.0,70,995.202104
2.0,81,995.590871
2.0,70,996.921704
0.6,63,997.216671
0.6,45,997.426412
0.6,63,997.738611
0.6,75,998.080124
0.6,45,998.297582
0.6,58,998.569017
0.6,95,999.02942
0.6,83,999.411817
2.0,71,999.756808
0.6,68,1000.076794
0.8,63,1000.375556
0.6,75,1000.736976
2.0,67,1001.045491
0.6,78,1001.407019
2.0,87,1001.822985
2.0,67,1002.141052
0.8,96,1002.598677
0.6,74,1002.947851
0.6,73,1003.290447
0.6,62,1003.579741
2.0,68,1003.895349
0.6,101,1004.392074
0.6,45,1004.604454
0.7,85,1004.986221
2.0,74,1005.336171
0.6,101,1005.801102
0.6,64,1006.103724
0.6,48,1006.332738
2.0,69,1007.643611
0.6,44,1007.855304
0.6,64,1008.153636
2.0,72,1008.493724
0.6,45,1008.709213
0.6,101,1009.165007
0.6,44,1009.37634
0.6,80,1009.742805
2.0,65,1010.052099
0.6,43,1010.252846
0.6,43,1010.455681
0.6,43,1010.655096
0.6,45,1010.884966
2.0,90,1011.315658
0.6,46,1011.534585
2.0,76,1011.892468
0.8,70,1012.228608
0.9,68,1012.547714
0.6,100,1013.023238
0.6,45,1013.234779
0.6,101,1013.682146
2.0,79,1014.064789
2.0,67,1014.38629
0.6,101,1014.844701
0.6,44,1015.049801
0.6,43,1015.254982
0.6,43,1015.457087
2.0,73,1015.806509
2.0,72,1016.15176
0.5,101,1016.624192
0.6,42,1016.821057
0.6,47,1017.043366
0.6,46,1018.242152
0.8,69,1018.569844
0.6,82,1018.963042
0.6,71,1019.293915
0.6,43,1019.500347
0.6,101,1019.982001
0.7,49,1020.221176
2.0,68,1020.541995
0.6,101,1021.035681
0.6,43,1021.234354
0.6,43,1021.438186
0.6,61,1021.735474
2.0,89,1022.152355
0.6,44,1022.361818
0.6,92,1022.798095
2.0,69,1023.125006
2.0,72,1023.470896
0.6,45,1023.686636
0.6,45,1023.903416
2.0,68,1024.232885
0.6,72,1024.562965
2.0,78,1024.937735
2.0,69,1025.269
0.6,44,1025.477471
0.6,44,1025.68644
0.6,44,1025.899758
0.7,101,1026.382497
2.0,72,1026.711838
2.0,68,1027.031599
0.6,67,1027.336604
0.6,76,1027.690373
0.6,43,1028.877721
0.6,71,1029.222045
0.6,45,1029.434643
0.6,101,1029.914948
0.6,73,1030.265023
0.6,83,1030.665513
2.0,71,1030.998688
0.6,90,1031.413751
0.6,44,1031.628261
0.8,74,1031.980548
0.6,43,1032.185277
0.6,44,1032.395853
0.6,43,1032.600127
2.0,69,1032.931987
2.0,70,1033.272371
2.0,69,1033.598085
2.0,65,1033.899024
0.8,95,1034.34288
0.6,43,1034.550398
2.0,61,1034.835532
0.7,63,1035.129046
2.0,76,1035.484853
0.6,43,1035.691027
0.8,69,1036.004407
2.0,64,1036.304782
0.6,48,1036.536048
0.6,74,1036.890399
0.6,61,1037.184352
0.6,97,1037.617205
0.6,77,1037.983763
0.6,43,1038.186047
2.0,69,1039.491344
0.7,49,1039.733974
0.6,71,1040.058073
0.6,43,1040.260891
0.6,70,1040.572752
2.0,68,1040.899983
0.6,101,1041.349504
0.6,43,1041.551051
1.0,97,1042.005782
0.6,80,1042.381254
0.6,43,1042.5845
0.6,84,1042.97989
2.0,71,1043.320642
0.6,101,1043.771376
2.0,68,1044.099123
0.6,74,1044.445827
0.6,53,1044.702249
2.0,80,1045.078805
0.6,42,1045.274777
0.6,64,1045.57086
0.6,59,1045.843304
0.6,101,1046.294015
0.6,58,1046.571594
0.6,45,1046.800919
2.0,69,1047.120484
2.0,72,1047.478645
0.6,48,1047.708903
0.7,72,1048.049566
0.8,101,1048.526286
0.3,34,1048.689036
0.6,101,1050.150837
0.6,74,1050.500596
0.6,101,1050.960106
0.9,71,1051.300505
2.0,68,1051.625132
0.6,101,1052.107782
0.6,45,1052.319835
0.6,75,1052.674202
0.6,101,1053.154099
0.6,41,1053.344234
0.6,65,1053.676297
0.6,79,1054.041525
0.6,101,1054.530807
0.6,44,1054.744771
2.0,68,1055.069817
0.6,41,1055.259665
0.6,69,1055.577839
0.6,43,1055.789454
0.6,93,1056.211727
0.7,63,1056.509539
0.6,44,1056.717844
0.6,45,1056.92859
0.6,43,1057.13014
0.6,90,1057.540345
2.0,73,1057.891351
2.0,72,1058.232407
0.6,74,1058.583637
0.8,64,1058.885688
2.0,72,1059.213778
0.6,68,1059.522169
2.0,69,1060.832716
2.0,70,1061.16435
0.6,68,1061.48687
0.6,43,1061.693498
0.6,74,1062.055291
0.6,45,1062.275167
0.6,51,1062.518094
0.6,46,1062.734994
2.0,71,1063.072911
2.0,70,1063.405545
2.0,66,1063.731257
0.6,47,1063.960105
0.6,83,1064.331369
0.6,101,1064.806866
0.6,69,1065.132715
0.6,66,1065.450562
2.0,70,1065.785376
0.6,47,1066.01088
0.6,57,1066.285831
2.0,72,1066.627769
0.6,61,1066.932486
0.6,44,1067.151679
0.9,79,1067.529081
0.6,64,1067.839967
0.6,44,1068.050012
2.0,75,1068.411291
0.6,43,1068.611164
0.7,68,1068.932194
0.6,88,1069.331849
0.6,71,1069.658684
0.6,44,1069.874023
0.6,45,1070.099228
0.6,88,1071.497405
2.0,65,1071.810048
2.0,67,1072.131498
0.6,69,1072.453245
0.6,49,1072.683867
0.6,71,1073.030137
0.6,75,1073.371993
0.7,80,1073.751673
2.0,74,1074.103469
0.6,43,1074.307283
2.0,71,1074.646775
0.6,43,1074.854292
2.0,71,1075.196744
0.6,77,1075.560075
2.0,67,1075.886716
0.6,43,1076.088907
0.6,45,1076.301755
0.6,43,1076.500361
0.6,61,1076.787691
0.6,53,1077.04999
0.6,101,1077.548537
0.6,53,1077.814066
0.6,59,1078.088611
0.6,56,1078.349131
0.6,66,1078.659797
0.6,44,1078.870439
0.6,42,1079.066026
2.0,68,1079.399527
0.6,45,1079.620617
2.0,67,1079.94088
2.0,71,1080.290591
0.6,45,1080.501877
0.6,101,1080.976246
0.6,43,1082.166813
0.6,45,1082.392369
2.0,69,1082.731452
0.6,79,1083.127231
2.0,67,1083.44987
0.6,78,1083.811939
0.6,59,1084.090808
2.0,72,1084.431446
0.6,42,1084.631356
0.8,81,1085.023247
2.0,65,1085.331504
2.0,72,1085.678489
2.0,74,1086.036468
2.0,68,1086.361061
2.0,68,1086.678369
0.6,78,1087.070597
0.6,86,1087.476972
0.6,43,1087.677936
0.6,56,1087.942344
0.8,68,1088.267519
0.5,82,1088.663584
0.6,62,1088.955373
0.6,64,1089.264053
0.6,46,1089.482775
0.6,88,1089.89954
0.8,74,1090.25886
0.6,44,1090.46888
0.6,58,1090.740495
0.6,61,1091.038944
0.6,45,1091.252753
0.6,76,1091.61036
2.0,67,1091.936882
2.0,64,1093.225128
0.1,23,1093.349969
0.6,45,1093.563778
0.6,55,1093.839136
0.6,101,1094.324708
0.6,91,1094.756583
0.6,70,1095.084018
0.6,44,1095.296406
0.6,46,1095.51328
0.6,56,1095.794343
2.0,69,1096.126878
0.6,83,1096.513008
2.0,77,1096.89071
0.6,61,1097.188537
0.6,58,1097.469046
0.7,101,1097.953752
0.6,43,1098.152351
0.6,45,1098.36806
0.8,60,1098.663571
0.6,44,1098.871716
0.6,44,1099.079251
0.6,46,1099.298338
0.6,101,1099.778517
2.0,66,1100.085355
0.6,45,1100.296089
2.0,68,1100.616399
0.6,50,1100.867612
0.6,72,1101.196805
0.6,44,1101.407599
0.8,60,1101.713795
0.6,43,1101.914844
0.6,43,1102.120918
2.0,70,1102.455372
0.6,101,1103.924752
0.6,44,1104.133259
0.6,43,1104.338269
2.0,73,1104.685557
0.6,61,1104.987834
0.6,72,1105.34084
0.6,44,1105.553544
2.0,90,1105.985964
0.6,44,1106.190075
2.0,66,1106.511257
2.0,64,1106.8234
0.6,44,1107.032566
0.6,89,1107.449941
2.0,66,1107.768506
0.5,74,1108.140139
0.6,42,1108.338428
0.6,48,1108.569068
0.6,47,1108.803873
2.0,87,1109.249341
2.0,69,1109.585268
0.6,45,1109.803056
0.6,45,1110.023211
0.7,56,1110.313982
0.6,45,1110.533576
2.0,63,1110.830717
0.6,46,1111.052782
0.7,67,1111.374259
2.0,73,1111.728369
2.0,67,1112.056412
0.6,43,1112.265619
0.5,52,1112.528606
2.0,73,1112.886429
2.0,68,1113.215453
0.6,44,1113.424487
2.0,65,1114.737902
0.6,44,1114.944894
2.0,76,1115.315057
0.6,75,1115.670078
2.0,77,1116.055246
0.6,60,1116.341827
2.0,72,1116.687666
2.0,63,1116.986346
2.0,76,1117.362014
0.6,55,1117.637924
2.0,76,1118.006921
0.6,68,1118.342823
2.0,73,1118.688966
2.0,66,1119.007987
0.6,45,1119.220273
0.6,101,1119.694222
2.0,78,1120.062248
2.0,71,1120.402622
0.6,42,1120.60042
0.6,44,1120.814694
0.6,72,1121.167856
0.6,81,1121.538395
2.0,68,1121.85987
0.6,58,1122.135956
2.0,73,1122.479619
2.0,70,1122.823022
0.6,43,1123.024609
0.6,43,1123.232056
2.0,66,1123.551954
0.6,101,1124.013824
0.6,43,1124.219614
0.6,78,1125.569845
0.6,96,1126.041594
0.6,89,1126.474368
0.6,42,1126.671499
0.6,42,1126.871328
0.6,45,1127.084798
0.6,97,1127.522627
0.7,101,1128.036651
0.6,101,1128.497216
0.6,44,1128.714218
0.6,69,1129.040775
0.6,43,1129.244037
0.6,101,1129.727757
0.6,58,1130.009745
0.6,67,1130.327653
0.7,91,1130.759079
0.6,101,1131.243938
0.6,69,1131.568089
2.0,67,1131.874639
2.0,91,1132.32039
2.0,70,1132.657342
0.6,72,1132.993831
0.7,61,1133.291593
0.6,59,1133.567538
2.0,71,1133.905497
0.6,76,1134.262766
0.6,59,1134.571795
0.6,101,1135.018928
0.6,101,1136.487669
0.6,43,1136.693928
0.6,63,1136.993121
2.0,80,1137.380104
2.0,66,1137.697314
0.3,53,1137.964002
0.6,45,1138.178416
0.6,45,1138.405629
0.6,44,1138.620656
0.6,65,1138.935801
0.6,88,1139.337178
0.6,42,1139.532818
0.6,43,1139.740377
2.0,63,1140.036446
0.6,43,1140.235934
0.6,43,1140.438604
0.6,46,1140.661779
0.6,45,1140.879737
0.6,44,1141.090313
2.0,90,1141.520539
0.6,45,1141.740422
0.6,59,1142.019636
0.6,101,1142.501441
0.6,44,1142.714762
2.0,68,1143.051887
0.6,43,1143.258857
0.6,73,1143.609631
0.6,43,1143.818216
0.7,76,1144.191998
0.7,80,1144.583785
2.0,64,1144.889166
0.6,61,1145.175972
2.0,78,1145.539049
2.0,69,1145.865465
0.6,55,1147.12023
2.0,74,1147.476326
0.6,43,1147.682242
0.5,46,1147.918186
0.1,22,1148.039184
0.6,43,1148.24261
0.6,101,1148.730542
0.7,85,1149.12674
0.6,90,1149.563845
2.0,64,1149.866061
0.1,27,1150.007938
2.0,76,1150.373217
0.4,64,1150.686516
0.6,101,1151.151707
0.6,44,1151.370022
0.6,45,1151.583428
0.7,78,1151.971854
0.7,75,1152.375736
0.6,74,1152.729281
0.6,45,1152.942015
2.0,64,1153.24712
0.6,72,1153.592558
0.6,43,1153.796808
2.0,68,1154.122902
2.0,71,1154.4604
0.6,44,1154.680137
0.6,64,1154.990077
0.6,44,1155.201772
2.0,72,1155.556541
2.0,70,1155.892713
0.6,70,1156.21821
0.6,47,1156.442575
2.0,64,1156.749516
0.6,61,1158.02534
0.2,37,1158.216708
2.0,68,1158.542435
0.6,43,1158.750066
0.6,82,1159.131031
0.6,75,1159.510385
2.0,67,1159.839341
0.6,64,1160.13931
0.6,58,1160.410493
0.6,43,1160.617473
0.6,43,1160.830683
0.6,43,1161.042505
0.8,67,1161.358244
0.6,45,1161.569701
0.6,71,1161.913792
2.0,66,1162.236823
0.6,44,1162.448578
0.6,101,1162.94341
2.0,70,1163.283593
0.5,81,1163.663119
2.0,73,1164.021338
0.1,22,1164.142574
2.0,66,1164.460304
0.6,44,1164.667329
2.0,71,1165.013997
2.0,67,1165.328098
0.6,81,1165.706226
2.0,72,1166.057273
2.0,72,1166.404239
0.6,69,1166.739505
0.6,44,1166.947793
2.0,84,1167.353688
0.6,87,1167.770845
0.6,83,1169.153442
0.9,87,1169.581632
0.6,72,1169.946662
0.6,44,1170.168143
2.0,63,1170.47319
0.6,45,1170.687778
0.6,101,1171.181144
0.6,101,1171.649579
0.6,75,1172.003681
0.6,87,1172.438913
0.6,58,1172.732097
0.6,59,1173.030753
0.6,44,1173.239718
2.0,65,1173.543598
0.6,101,1174.030566
2.0,73,1174.386541
2.0,72,1174.732341
2.0,74,1175.095074
0.6,43,1175.295865
0.7,74,1175.653357
0.6,101,1176.135595
2.0,64,1176.439774
0.6,68,1176.75346
2.0,74,1177.106498
0.6,66,1177.437284
0.8,60,1177.748156
0.6,47,1177.973632
2.0,71,1178.31887
0.6,101,1179.784768
2.0,73,1180.144741
0.6,42,1180.342153
2.0,70,1180.676183
2.0,67,1181.004751
0.6,58,1181.27508
0.6,74,1181.639289
0.6,42,1181.838295
0.6,101,1182.31283
2.0,73,1182.669069
0.6,44,1182.879664
0.6,74,1183.230108
0.6,43,1183.43237
0.6,44,1183.637517
0.6,72,1183.989202
0.6,43,1184.202989
2.0,67,1184.521669
0.7,81,1184.905751
0.6,70,1185.24235
2.0,65,1185.555675
0.9,68,1185.883042
0.6,84,1186.280918
2.0,72,1186.630237
0.6,91,1187.080321
0.6,44,1187.287785
0.6,93,1187.730387
0.6,45,1187.939427
0.6,101,1188.425436
2.0,75,1188.78514
0.6,88,1189.184531
0.6,79,1190.567411
0.6,43,1190.770805
0.6,47,1190.994479
0.6,43,1191.201508
0.6,44,1191.414063
0.6,101,1191.901531
0.6,42,1192.098873
0.6,44,1192.308908
2.0,71,1192.648485
0.6,66,1192.965629
0.6,43,1193.176189
0.6,70,1193.499874
2.0,67,1193.82107
0.6,77,1194.182957
0.6,42,1194.377964
0.6,57,1194.65556
0.6,78,1195.052362
0.6,44,1195.257877
0.6,43,1195.461102
0.6,96,1195.919989
0.6,78,1196.292308
0.6,81,1196.684322
0.6,45,1196.897537
0.6,43,1197.107582
2.0,67,1197.437583
0.6,101,1197.914825
0.6,81,1198.28646
0.5,46,1198.520813
0.6,64,1198.824223
0.6,77,1199.207394
0.6,69,1199.529139
0.6,44,1199.737361
2.0,74,1200.09912
2.0,65,1201.401095
0.7,90,1201.820873
2.0,71,1202.16772
2.0,72,1202.528352
0.6,46,1202.750971
0.6,101,1203.220459
2.0,71,1203.55107
0.6,69,1203.880841
0.5,74,1204.228969
0.6,67,1204.543286
0.6,101,1205.036941
2.0,63,1205.341558
0.6,71,1205.688871
2.0,65,1205.993154
0.6,42,1206.19246
0.6,43,1206.396092
2.0,64,1206.703059
0.6,64,1207.008816
2.0,70,1207.341053
2.0,71,1207.678625
2.0,65,1207.997803
0.6,54,1208.257804
0.6,101,1208.736578
0.6,68,1209.061354
2.0,73,1209.422222
0.6,75,1209.778682
2.0,80,1210.179197
0.6,70,1210.516159
0.6,42,1210.715617
0.7,64,1211.012879
2.0,67,1212.333827
0.6,47,1212.557061
0.6,43,1212.759682
0.6,101,1213.246249
0.6,66,1213.553344
0.6,59,1213.833097
0.7,84,1214.24607
0.6,75,1214.59639
0.6,45,1214.812438
0.6,41,1215.005018
0.6,75,1215.361099
2.0,65,1215.665818
0.6,57,1215.934826
2.0,67,1216.255334
0.6,101,1216.717301
2.0,72,1217.066226
0.6,101,1217.526178
0.6,43,1217.736352
0.6,73,1218.090679
0.6,51,1218.344886
0.7,77,1218.716072
0.6,43,1218.926309
0.6,63,1219.225014
0.6,42,1219.424431
0.6,75,1219.789946
0.6,43,1219.995954
0.6,92,1220.437091
0.6,66,1220.755747
2.0,69,1221.087818
0.6,43,1221.293478
0.6,44,1221.501708
0.6,68,1221.829379
0.6,58,1223.10045
0.6,70,1223.429495
0.6,43,1223.639403
0.6,44,1223.853322
0.4,35,1224.02694
2.0,75,1224.390356
0.5,71,1224.72836
0.6,58,1225.004355
0.6,43,1225.212524
2.0,78,1225.590308
0.6,43,1225.793644
2.0,70,1226.140359
0.6,80,1226.525945
0.7,82,1226.913327
2.0,66,1227.225103
0.6,88,1227.649078
0.6,43,1227.862968
2.0,73,1228.213816
0.6,70,1228.544148
0.6,44,1228.759315
2.0,63,1229.062975
2.0,66,1229.372692
0.6,48,1229.604068
0.6,81,1229.978865
0.6,42,1230.177883
0.6,44,1230.39741
0.6,62,1230.687409
0.6,78,1231.076256
0.6,82,1231.465271
0.6,42,1231.663175
0.6,43,1231.868502
0.6,101,1232.347666
0.6,101,1233.810583
0.6,62,1234.106558
0.8,101,1234.585365
2.0,67,1234.903357
0.6,80,1235.295737
0.6,69,1235.612715
0.6,67,1235.952185
0.6,66,1236.276907
2.0,68,1236.602478
0.6,44,1236.815144
2.0,68,1237.153463
2.0,68,1237.47376
2.0,64,1237.775757
0.6,43,1237.989382
0.6,45,1238.21048
0.6,68,1238.524193
0.6,45,1238.751912
0.6,45,1238.968599
0.6,101,1239.453356
0.6,61,1239.762627
2.0,76,1240.120471
0.8,64,1240.41934
0.6,83,1240.823492
0.3,36,1241.001814
0.5,77,1241.376974
2.0,87,1241.819816
0.6,43,1242.022974
0.6,101,1242.495207
0.6,76,1242.862692
0.6,68,1243.18209
0.5,66,1243.489671
0.6,62,1244.786695
0.6,69,1245.111029
0.8,70,1245.444763
0.6,45,1245.659582
0.9,73,1246.006671
2.0,75,1246.371431
2.0,73,1246.718024
0.6,67,1247.032963
2.0,65,1247.337182
2.0,63,1247.641857
2.0,69,1247.974469
2.0,72,1248.328055
0.6,45,1248.543811
0.6,52,1248.802813
0.7,101,1249.277295
0.6,65,1249.590575
0.6,73,1249.939281
0.6,44,1250.158351
0.6,101,1250.637731
2.0,62,1250.940601
0.6,98,1251.392145
0.6,101,1251.903038
0.6,42,1252.102254
0.6,43,1252.301381
0.6,66,1252.615977
0.6,89,1253.042313
0.6,44,1253.254714
2.0,65,1253.561616
0.5,101,1254.023699
0.6,101,1255.496452
2.0,70,1255.840155
0.6,43,1256.045292
0.7,68,1256.370769
0.6,101,1256.812536
2.0,77,1257.192545
0.6,75,1257.551903
0.6,47,1257.777989
0.7,64,1258.081295
2.0,78,1258.457517
0.6,48,1258.693923
0.6,44,1258.902413
2.0,73,1259.23642
0.6,44,1259.454464
0.6,43,1259.658801
0.6,89,1260.084217
0.6,43,1260.287653
0.6,79,1260.666454
0.5,59,1260.949199
2.0,72,1261.293072
0.6,54,1261.554823
0.6,70,1261.894057
0.6,43,1262.095523
0.6,54,1262.368069
0.6,64,1262.69421
0.6,47,1262.916156
0.6,101,1263.405871
0.6,48,1263.640195
2.0,64,1263.941372
0.6,42,1264.142035
0.7,84,1264.539215
2.0,71,1264.880152
0.6,52,1265.137355
0.6,101,1266.621363
0.6,71,1266.95683
2.0,67,1267.280222
2.0,69,1267.610382
0.6,44,1267.823294
2.0,73,1268.186203
0.6,44,1268.397729
0.6,43,1268.601609
0.6,44,1268.821711
0.6,44,1269.038403
2.0,73,1269.394217
0.6,72,1269.750358
0.6,59,1270.031962
0.6,101,1270.496247
0.6,44,1270.709341
0.6,43,1270.914703
2.0,69,1271.252869
2.0,78,1271.633525
2.0,63,1271.942083
2.0,67,1272.264745
0.6,44,1272.470851
0.6,87,1272.895333
0.6,43,1273.09564
2.0,68,1273.428031
0.6,75,1273.791253
0.6,63,1274.085876
2.0,72,1274.429246
2.0,75,1274.800816
0.6,41,1274.9951
0.6,47,1275.225496
0.6,73,1275.568813
0.6,46,1275.791458
0.1,22,1275.91346
0.6,62,1277.204235
2.0,62,1277.49839
0.6,43,1277.706028
0.6,44,1277.912809
2.0,70,1278.248059
0.6,44,1278.468347
2.0,71,1278.810707
0.6,97,1279.264642
0.6,87,1279.686363
0.6,81,1280.06442
0.6,63,1280.363274
0.6,89,1280.767061
0.6,101,1281.245044
2.0,78,1281.630885
0.6,65,1281.942948
0.6,45,1282.156596
0.6,56,1282.424305
0.6,41,1282.620074
0.6,42,1282.826407
0.6,45,1283.042279
0.6,50,1283.283737
0.6,58,1283.56287
0.7,66,1283.879162
0.6,44,1284.086974
0.6,42,1284.285125
0.6,48,1284.509456
0.6,101,1284.977669
0.6,45,1285.196378
0.6,44,1285.407578
0.6,79,1285.786472
2.0,70,1286.120837
0.6,49,1286.349995
2.0,70,1286.690687
0.6,75,1288.042614
0.6,74,1288.389068
2.0,74,1288.738012
0.6,57,1289.027926
0.6,43,1289.23254
0.6,73,1289.598418
2.0,74,1289.956553
0.6,72,1290.288829
0.6,56,1290.566129
0.6,43,1290.770232
0.6,43,1290.972329
2.0,63,1291.269333
0.6,43,1291.471943
2.0,66,1291.791264
0.6,64,1292.089243
2.0,64,1292.387807
0.6,52,1292.645229
0.7,80,1293.048187
0.6,47,1293.26967
0.6,43,1293.470463
2.0,68,1293.796946
0.6,47,1294.028123
0.6,44,1294.231462
0.6,86,1294.630615
2.0,62,1294.927836
0.6,86,1295.342691
0.6,64,1295.642688
0.6,41,1295.835942
0.6,42,1296.033468
0.6,45,1296.248817
0.6,43,1296.447766
2.0,66,1296.761735
0.8,87,1297.184565
0.6,56,1297.445412
0.6,65,1298.752583
0.6,74,1299.107473
0.6,42,1299.306566
2.0,66,1299.615534
2.0,64,1299.924164
0.8,93,1300.368681
2.0,72,1300.709581
2.0,68,1301.031976
2.0,64,1301.339207
0.6,80,1301.718871
2.0,73,1302.08055
0.6,43,1302.284788
0.6,45,1302.505628
0.6,56,1302.771279
1.0,101,1303.268802
0.6,42,1303.467005
2.0,75,1303.830667
0.6,42,1304.0278
0.6,45,1304.244488
0.7,75,1304.58919
0.6,68,1304.917396
0.8,64,1305.219327
0.6,73,1305.570072
0.6,43,1305.773139
0.6,60,1306.055508
0.6,43,1306.261266
0.6,75,1306.619164
0.6,64,1306.925194
0.6,62,1307.213892
0.6,43,1307.420185
0.6,50,1307.664362
0.6,81,1308.061738
0.6,64,1308.364196
0.6,70,1309.694066
0.6,82,1310.087061
0.6,43,1310.293716
0.6,64,1310.614633
0.6,43,1310.826121
0.6,66,1311.146131
0.6,64,1311.452621
0.6,43,1311.659537
0.6,43,1311.863343
2.0,70,1312.217486
0.6,41,1312.409966
2.0,68,1312.740708
2.0,67,1313.061951
2.0,71,1313.408562
0.6,41,1313.601594
0.6,41,1313.795653
0.6,55,1314.060506
0.7,67,1314.379039
0.6,101,1314.848963
0.6,76,1315.208
0.6,43,1315.41336
2.0,65,1315.721142
0.6,66,1316.04741
0.6,72,1316.413265
2.0,64,1316.715224
0.6,43,1316.92276
2.0,70,1317.268483
0.6,43,1317.476043
0.6,58,1317.750598
2.0,78,1318.135342
0.8,67,1318.461358
2.0,72,1318.804861
0.6,91,1319.222585
0.6,76,1320.589732
0.6,54,1320.849823
