#{"t_start": 1629407454.4259622, "env_id": null}
r,l,t
0.0,101,0.451618
0.0,42,0.654832
0.0,19,0.760106
0.0,101,1.244627
0.0,97,1.691383
0.0,101,2.131385
0.0,76,2.486956
0.0,91,2.909831
0.0,47,3.129025
0.0,101,3.588057
0.0,19,3.696344
0.0,21,3.813104
0.0,75,4.145102
0.0,75,4.486289
0.0,35,4.662422
0.0,101,5.110691
0.0,67,5.40948
0.0,55,5.661554
0.0,101,6.111513
0.0,101,6.562483
0.0,50,6.802989
0.0,78,7.172467
0.0,101,7.623885
0.0,98,8.070823
0.0,66,8.373332
0.0,41,8.585876
0.0,53,8.859091
0.0,101,9.320911
0.0,17,9.418516
0.0,101,10.868946
-1.0,60,11.155018
0.0,101,11.625227
0.0,35,11.799303
0.0,21,11.918198
0.0,101,12.397249
0.0,101,12.855576
0.0,43,13.057557
0.0,68,13.367477
0.0,101,13.811985
0.0,53,14.056607
0.0,101,14.503606
0.0,14,14.588126
0.0,101,15.058534
0.0,101,15.500351
0.0,21,15.617522
0.0,41,15.820424
0.0,15,15.91176
0.0,98,16.35491
0.0,20,16.466553
0.0,21,16.58256
0.0,101,17.034599
0.0,15,17.12233
0.0,45,17.337213
0.0,101,17.797277
0.0,39,18.003704
0.0,18,18.104998
0.0,34,18.291173
0.0,100,18.7477
0.0,14,18.832691
0.0,101,19.296481
0.0,25,19.426349
0.0,101,19.893333
0.0,22,20.008081
0.0,80,21.353016
0.0,101,21.802605
0.0,54,22.057323
0.0,101,22.520218
0.0,101,22.962056
0.0,43,23.171556
0.0,101,23.624428
0.0,101,24.072411
0.0,30,24.243017
0.0,101,24.681237
0.0,54,24.930881
0.0,66,25.228099
0.0,97,25.680748
0.0,51,25.911675
0.0,101,26.366817
0.0,25,26.502375
0.0,101,26.947977
0.0,19,27.052476
0.0,39,27.249332
0.0,83,27.630625
0.0,15,27.720067
0.0,101,28.167462
0.0,16,28.259714
0.0,101,28.705387
0.0,61,28.987889
0.0,16,29.081434
0.0,20,29.191618
0.0,76,29.541397
0.0,82,29.966997
0.0,32,30.124653
0.0,59,30.411702
0.0,52,31.639856
0.0,101,32.132458
0.0,24,32.26251
0.0,14,32.3476
0.0,57,32.604417
0.0,47,32.830401
0.0,42,33.045104
0.0,88,33.425121
0.0,101,33.876458
0.0,101,34.367311
0.0,14,34.453829
0.0,53,34.698225
0.0,101,35.143139
0.0,101,35.615115
0.0,15,35.706762
0.0,101,36.157505
0.0,60,36.437022
0.0,96,36.88288
0.0,101,37.336028
0.0,38,37.521437
0.0,28,37.66478
0.0,101,38.125559
0.0,13,38.205871
0.0,101,38.644411
0.0,24,38.774453
0.0,33,38.948406
0.0,29,39.098253
0.0,101,39.533584
0.0,83,39.933997
0.0,43,40.135908
0.0,71,40.458933
0.0,101,40.901515
0.0,70,42.204625
0.0,101,42.664279
0.0,64,42.955504
0.0,101,43.403125
0.0,63,43.699062
0.0,39,43.886299
0.0,45,44.103799
0.0,101,44.587799
0.0,101,45.038668
0.0,75,45.378468
0.0,21,45.491485
0.0,21,45.602357
0.0,73,45.946147
0.0,56,46.226976
0.0,15,46.316107
0.0,54,46.560526
0.0,101,46.99994
0.0,101,47.470946
0.0,78,47.839183
0.0,90,48.240809
0.0,101,48.724247
0.0,101,49.217141
0.0,40,49.411885
0.0,52,49.676053
0.0,71,50.014128
0.0,95,50.467791
0.0,101,50.930163
0.0,19,51.035923
0.0,101,51.483817
0.0,101,52.934441
0.0,101,53.408236
0.0,101,53.866167
0.0,61,54.149571
0.0,101,54.597185
0.0,101,55.082782
0.0,83,55.471178
0.0,56,55.728921
0.0,73,56.090769
0.0,58,56.371005
0.0,29,56.524366
0.0,18,56.621345
0.0,101,57.058663
0.0,101,57.495043
0.0,49,57.721094
0.0,17,57.816696
0.0,70,58.146413
0.0,14,58.227682
0.0,64,58.51169
0.0,52,58.74938
0.0,99,59.187475
0.0,101,59.659786
0.0,44,59.868176
0.0,76,60.212876
0.0,52,60.456165
0.0,101,60.898554
0.0,101,61.362913
0.0,68,61.683317
0.0,71,62.009934
0.0,101,63.446992
0.0,33,63.613192
0.0,101,64.105427
0.0,101,64.576733
0.0,101,65.021605
0.0,54,65.293689
0.0,23,65.416093
0.0,71,65.769786
0.0,71,66.092254
0.0,48,66.312413
0.0,51,66.554371
0.0,101,67.0006
0.0,68,67.30568
0.0,52,67.565687
0.0,101,68.060576
0.0,45,68.283839
0.0,27,68.419876
0.0,40,68.621949
0.0,52,68.865654
0.0,62,69.148762
0.0,84,69.527682
0.0,25,69.648654
0.0,101,70.105805
0.0,69,70.433132
0.0,101,70.916742
0.0,46,71.151642
0.0,101,71.637889
0.0,93,72.040857
0.0,75,72.381063
0.0,58,72.684983
0.0,101,74.15371
0.0,54,74.408919
0.0,83,74.797435
0.0,94,75.223703
0.0,52,75.465054
0.0,22,75.581026
0.0,31,75.742363
0.0,48,75.961432
0.0,55,76.227402
0.0,101,76.645529
0.0,101,77.090537
0.0,57,77.350859
0.0,101,77.810627
0.0,101,78.300257
0.0,90,78.720942
0.0,69,79.045803
0.0,59,79.328049
0.0,101,79.770497
0.0,101,80.232228
0.0,29,80.381636
0.0,90,80.789506
0.0,51,81.028681
0.0,50,81.259295
0.0,101,81.719265
0.0,101,82.179223
0.0,101,82.639753
0.0,49,82.871279
0.0,101,84.311151
0.0,16,84.403284
0.0,101,84.869346
0.0,101,85.332448
0.0,101,85.771927
0.0,101,86.216684
0.0,65,86.560223
0.0,101,86.997839
0.0,101,87.441449
0.0,81,87.806358
0.0,101,88.239445
0.0,59,88.511751
0.0,77,88.881275
0.0,57,89.140091
0.0,19,89.243368
0.0,56,89.5028
0.0,25,89.633958
0.0,101,90.074226
0.0,101,90.556918
0.0,61,90.828452
0.0,71,91.146205
0.0,48,91.379365
0.0,101,91.800027
0.0,47,92.024315
0.0,69,92.351075
0.0,27,92.498207
0.0,101,92.967014
0.0,28,93.118349
0.0,101,93.601494
0.0,53,94.819309
0.0,13,94.900432
0.0,21,95.021198
0.0,101,95.466043
0.0,41,95.670068
0.0,84,96.05712
0.0,51,96.32251
0.0,33,96.486225
0.0,92,96.921271
0.0,69,97.265138
0.0,101,97.690532
0.0,101,98.151507
0.0,89,98.589493
0.0,34,98.754291
0.0,37,98.938914
0.0,25,99.06946
0.0,101,99.516159
0.0,101,99.980589
0.0,101,100.452623
0.0,101,100.918435
0.0,101,101.384065
0.0,72,101.717984
0.0,101,102.2102
0.0,27,102.359338
0.0,101,102.847609
0.0,101,103.292228
0.0,57,103.550817
0.0,101,103.990432
0.0,101,105.409465
0.0,31,105.568067
0.0,101,106.004427
0.0,101,106.472439
0.0,101,106.913438
0.0,101,107.389268
0.0,101,107.865123
0.0,101,108.377198
0.0,101,108.825383
0.0,101,109.278279
0.0,50,109.531094
0.0,41,109.740483
0.0,101,110.183647
0.0,101,110.65252
0.0,101,111.081613
0.0,101,111.540271
0.0,101,112.014074
0.0,39,112.215414
0.0,101,112.694725
0.0,74,113.039144
0.0,101,113.487856
0.0,101,113.931848
0.0,87,114.330878
0.0,14,114.416919
0.0,52,114.659671
0.0,92,116.064136
0.0,101,116.506788
0.0,56,116.758003
0.0,44,116.965149
0.0,101,117.420111
0.0,101,117.860916
0.0,23,117.982689
0.0,69,118.318328
0.0,59,118.594472
0.0,101,119.049404
0.0,101,119.488695
0.0,48,119.712303
0.0,27,119.851923
0.0,14,119.937088
0.0,101,120.409441
0.0,92,120.826758
0.0,16,120.919531
0.0,84,121.299195
0.0,16,121.393472
0.0,101,121.83229
0.0,84,122.207389
0.0,56,122.466863
0.0,101,122.927927
0.0,101,123.42052
0.0,65,123.723119
0.0,101,124.210525
0.0,55,124.465778
0.0,44,124.692847
0.0,26,124.824491
0.0,60,125.103943
0.0,101,126.560545
0.0,101,126.99031
0.0,21,127.106324
-1.0,52,127.351625
0.0,16,127.44443
0.0,101,127.898681
0.0,37,128.074626
0.0,48,128.301658
0.0,101,128.749001
0.0,101,129.212452
0.0,52,129.457469
0.0,99,129.899186
0.0,21,130.010953
0.0,93,130.432573
0.0,78,130.793275
0.0,17,130.887245
0.0,80,131.242213
0.0,101,131.690481
0.0,38,131.887342
0.0,101,132.341888
0.0,101,132.780823
0.0,27,132.918957
0.0,50,133.155749
0.0,101,133.609966
0.0,101,134.059323
0.0,101,134.507113
0.0,61,134.769449
0.0,101,135.211001
0.0,83,136.565401
0.0,54,136.822414
0.0,75,137.168964
0.0,101,137.618403
0.0,101,138.092073
0.0,24,138.212009
0.0,74,138.557609
0.0,55,138.808042
0.0,54,139.060565
0.0,28,139.210835
0.0,101,139.694031
0.0,70,140.015319
0.0,101,140.459053
0.0,36,140.652275
0.0,101,141.09044
0.0,101,141.539993
0.0,77,141.881263
0.0,29,142.021685
0.0,101,142.486986
0.0,59,142.766078
0.0,80,143.120263
0.0,101,143.58027
0.0,101,144.068597
0.0,101,144.54113
0.0,78,144.888351
0.0,31,145.044277
0.0,101,145.487572
0.0,101,146.913478
0.0,101,147.383309
0.0,19,147.491912
0.0,60,147.771487
0.0,101,148.249015
0.0,101,148.707363
0.0,67,149.025137
0.0,101,149.482971
0.0,101,149.938821
0.0,63,150.222017
0.0,36,150.401144
0.0,54,150.649053
0.0,25,150.788973
0.0,37,150.978575
0.0,81,151.342097
0.0,101,151.787429
0.0,39,151.99696
0.0,101,152.458911
0.0,65,152.759654
0.0,17,152.859355
0.0,51,153.098517
0.0,20,153.20775
0.0,36,153.39404
0.0,93,153.821157
0.0,101,154.259215
0.0,14,154.346466
0.0,101,154.804873
0.0,101,155.235795
0.0,32,155.389951
0.0,15,155.479265
0.0,101,155.975634
0.0,41,156.175021
0.0,34,156.357245
0.0,101,157.818669
0.0,80,158.203478
0.0,68,158.540614
0.0,51,158.786753
0.0,36,158.971886
0.0,101,159.466954
0.0,15,159.554379
0.0,101,160.003913
0.0,19,160.111182
0.0,50,160.35224
0.0,100,160.801273
0.0,75,161.145941
0.0,101,161.640642
0.0,101,162.090393
0.0,86,162.509213
0.0,53,162.75505
0.0,101,163.189586
0.0,101,163.625479
0.0,101,164.071651
0.0,55,164.336573
0.0,85,164.717928
0.0,101,165.190208
0.0,62,165.478014
0.0,101,165.958248
0.0,101,166.403594
0.0,101,166.842727
0.0,56,168.10124
0.0,73,168.429055
0.0,89,168.840683
0.0,49,169.072109
0.0,101,169.536579
0.0,57,169.799911
0.0,101,170.269783
0.0,14,170.357256
0.0,76,170.697294
0.0,101,171.137686
0.0,101,171.585688
0.0,101,172.081686
0.0,22,172.204396
0.0,17,172.307127
0.0,73,172.63535
0.0,18,172.734543
0.0,101,173.202976
0.0,97,173.653537
0.0,101,174.134309
0.0,55,174.413859
0.0,101,174.864844
0.0,57,175.123272
0.0,57,175.386814
0.0,87,175.761112
0.0,101,176.199997
0.0,56,176.475305
0.0,101,176.951311
0.0,101,177.400462
0.0,82,178.768985
0.0,96,179.204371
0.0,53,179.452515
0.0,84,179.821614
0.0,101,180.267885
0.0,50,180.500479
0.0,80,180.867631
0.0,50,181.104954
0.0,101,181.556404
0.0,101,181.970129
0.0,25,182.10158
0.0,101,182.544552
0.0,46,182.77549
0.0,22,182.895233
0.0,29,183.045272
0.0,26,183.186804
0.0,51,183.429147
0.0,27,183.562685
0.0,17,183.669396
0.0,101,184.101723
0.0,101,184.552788
0.0,101,185.001871
0.0,60,185.275102
0.0,81,185.646689
0.0,57,185.91341
0.0,101,186.353334
0.0,59,186.628018
0.0,36,186.799437
0.0,101,187.244939
0.0,101,187.709748
0.0,23,188.830444
0.0,101,189.289151
0.0,101,189.785588
0.0,40,189.995492
0.0,101,190.455307
0.0,58,190.713488
0.0,79,191.073179
0.0,30,191.231574
0.0,101,191.658139
0.0,101,192.113304
0.0,101,192.582877
0.0,55,192.831617
0.0,93,193.233572
0.0,51,193.473179
0.0,51,193.708794
0.0,17,193.807839
0.0,101,194.263958
0.0,38,194.456578
-1.0,96,194.89504
0.0,40,195.083586
0.0,24,195.213435
0.0,101,195.667013
0.0,56,195.933099
0.0,101,196.424237
0.0,101,196.864737
0.0,101,197.315175
0.0,101,197.771028
0.0,101,199.24004
0.0,101,199.716216
0.0,101,200.17159
0.0,101,200.610134
0.0,101,201.058957
0.0,101,201.519201
0.0,101,201.965973
0.0,101,202.429106
0.0,90,202.829288
0.0,101,203.304881
0.0,101,203.73998
0.0,93,204.166516
0.0,101,204.62325
0.0,17,204.717733
0.0,26,204.84704
0.0,101,205.320549
0.0,14,205.403689
0.0,101,205.863392
0.0,101,206.313364
0.0,20,206.424831
0.0,13,206.503428
0.0,101,206.956553
0.0,63,207.241728
0.0,101,207.705729
0.0,101,208.164357
0.0,101,209.621994
0.0,101,210.072847
0.0,22,210.200075
0.0,101,210.65682
0.0,92,211.066638
0.0,37,211.264032
0.0,90,211.682105
0.0,37,211.85956
0.0,101,212.302128
0.0,55,212.554324
0.0,61,212.842861
0.0,64,213.133294
0.0,66,213.428092
0.0,101,213.875096
0.0,14,213.969205
0.0,101,214.439206
0.0,101,214.904009
0.0,65,215.202748
0.0,101,215.674318
0.0,101,216.123794
0.0,101,216.577443
0.0,44,216.785522
0.0,101,217.276763
0.0,55,217.529647
0.0,29,217.675313
0.0,70,218.002055
0.0,71,218.336514
0.0,29,218.492424
0.0,101,218.946623
0.0,101,220.426286
0.0,101,220.87286
0.0,101,221.317164
0.0,29,221.463849
0.0,41,221.653814
0.0,101,222.113342
0.0,101,222.55324
-1.0,63,222.850346
0.0,56,223.112759
0.0,101,223.579287
0.0,101,224.028449
0.0,101,224.525556
0.0,101,224.971329
0.0,101,225.415107
0.0,101,225.868873
0.0,49,226.113704
0.0,64,226.411687
0.0,101,226.878355
0.0,101,227.373435
0.0,101,227.806257
0.0,54,228.050185
-1.0,88,228.44422
0.0,16,228.539954
0.0,46,228.764262
0.0,73,229.103351
0.0,39,229.28703
0.0,36,229.472338
0.0,31,230.619627
0.0,88,231.018652
0.0,95,231.435537
0.0,101,231.926811
0.0,48,232.1644
0.0,101,232.640107
0.0,101,233.074693
0.0,101,233.525082
0.0,73,233.857333
0.0,31,234.005934
0.0,88,234.407861
0.0,101,234.867263
0.0,101,235.354331
0.0,50,235.592199
0.0,101,236.027486
0.0,101,236.458809
0.0,64,236.752846
0.0,101,237.183084
0.0,101,237.649168
0.0,41,237.849849
0.0,15,237.951093
0.0,101,238.443184
0.0,58,238.704817
0.0,101,239.194975
0.0,53,239.449548
0.0,28,239.591968
0.0,20,239.699697
0.0,101,241.137362
0.0,54,241.397352
0.0,56,241.647866
0.0,101,242.12296
0.0,64,242.427636
0.0,27,242.563867
0.0,101,243.003853
0.0,51,243.24247
0.0,58,243.515874
0.0,101,243.974463
0.0,23,244.096513
0.0,101,244.546405
0.0,101,245.035591
0.0,101,245.471919
0.0,17,245.565968
0.0,72,245.900726
0.0,29,246.050322
0.0,101,246.512969
0.0,101,246.944937
0.0,101,247.442867
0.0,37,247.626465
0.0,14,247.710025
0.0,38,247.894065
0.0,101,248.345321
0.0,16,248.438241
0.0,56,248.689916
0.0,56,248.952221
0.0,101,249.397859
0.0,31,249.563807
0.0,60,249.833122
0.0,101,250.294467
0.0,49,251.522398
0.0,46,251.745631
0.0,60,252.012883
0.0,29,252.162413
0.0,65,252.450891
0.0,101,252.894454
0.0,49,253.121841
0.0,56,253.378823
0.0,101,253.859057
0.0,101,254.296298
0.0,73,254.624682
0.0,101,255.037312
0.0,24,255.159729
0.0,101,255.617388
0.0,17,255.71521
0.0,36,255.888817
0.0,101,256.36641
0.0,28,256.503759
0.0,65,256.796421
0.0,25,256.924685
0.0,54,257.179129
0.0,54,257.427229
0.0,50,257.659177
0.0,101,258.126836
0.0,74,258.46148
0.0,101,258.9097
0.0,26,259.0393
0.0,78,259.398295
0.0,63,259.686506
0.0,101,260.163159
0.0,83,260.535011
0.0,101,261.999133
0.0,21,262.11351
0.0,66,262.425561
0.0,64,262.715011
0.0,101,263.151625
0.0,75,263.490853
0.0,44,263.710817
0.0,29,263.853284
0.0,21,263.970335
0.0,97,264.406133
0.0,68,264.736463
0.0,101,265.180043
0.0,101,265.624439
0.0,48,265.845556
0.0,101,266.299674
0.0,101,266.751707
0.0,101,267.228792
0.0,70,267.541047
0.0,70,267.859596
0.0,101,268.336578
0.0,64,268.629075
0.0,101,269.065575
0.0,101,269.526625
0.0,30,269.683924
-1.0,85,270.068785
0.0,37,270.258905
0.0,101,270.718224
0.0,17,270.819119
0.0,101,271.313396
0.0,101,272.758967
0.0,55,273.015027
0.0,101,273.450595
0.0,101,273.915398
0.0,62,274.195234
0.0,101,274.657581
0.0,101,275.122444
0.0,101,275.558309
0.0,61,275.842623
0.0,58,276.104878
0.0,101,276.55874
0.0,15,276.647135
0.0,101,277.064719
0.0,26,277.190829
0.0,101,277.652905
0.0,101,278.103335
0.0,92,278.512968
0.0,71,278.846838
0.0,84,279.214189
0.0,22,279.332475
0.0,69,279.642487
0.0,56,279.901841
0.0,101,280.348103
0.0,80,280.708702
0.0,101,281.163398
0.0,94,282.582859
0.0,101,283.02279
0.0,101,283.465648
0.0,101,283.966489
0.0,101,284.456973
0.0,101,284.942798
0.0,28,285.090368
0.0,101,285.544711
0.0,49,285.773176
0.0,101,286.263317
0.0,73,286.59371
0.0,101,287.028498
0.0,34,287.19915
0.0,101,287.688892
0.0,101,288.181576
0.0,82,288.539759
0.0,101,289.009644
0.0,101,289.454078
0.0,79,289.81993
0.0,101,290.278756
0.0,101,290.758544
0.0,101,291.198171
0.0,75,291.541642
0.0,101,292.02323
0.0,87,293.426724
0.0,101,293.867322
0.0,55,294.1176
0.0,60,294.398316
0.0,101,294.880246
0.0,101,295.316886
0.0,101,295.76004
0.0,56,296.021431
0.0,15,296.109706
0.0,59,296.3764
0.0,79,296.750592
0.0,101,297.175301
0.0,64,297.459719
0.0,101,297.893135
0.0,101,298.339096
0.0,101,298.790023
0.0,14,298.87468
0.0,30,299.016595
0.0,101,299.467441
0.0,101,299.89388
0.0,54,300.130684
0.0,49,300.366332
0.0,101,300.799943
0.0,49,301.032146
0.0,101,301.484181
0.0,101,301.930098
0.0,48,302.155015
0.0,101,303.610517
0.0,90,304.004925
0.0,78,304.355221
0.0,14,304.442758
0.0,28,304.588317
0.0,101,305.028358
0.0,101,305.467702
0.0,101,305.898591
0.0,61,306.191878
0.0,53,306.437587
0.0,101,306.935739
0.0,51,307.162201
0.0,86,307.54054
0.0,46,307.761691
0.0,101,308.200045
0.0,101,308.643592
0.0,101,309.073772
0.0,101,309.521728
0.0,57,309.777135
0.0,101,310.197178
0.0,62,310.477312
0.0,101,310.91581
0.0,101,311.348946
0.0,101,311.796285
0.0,38,311.994651
0.0,21,312.113346
0.0,101,313.556661
0.0,40,313.742356
0.0,52,313.9826
0.0,101,314.426443
0.0,101,314.887275
0.0,101,315.303744
0.0,101,315.781309
0.0,50,316.009009
0.0,47,316.226207
0.0,24,316.355286
0.0,24,316.485195
0.0,101,316.919695
0.0,88,317.318062
0.0,26,317.444003
0.0,101,317.911254
0.0,79,318.271302
0.0,101,318.713754
0.0,23,318.841298
0.0,101,319.295409
0.0,101,319.757452
0.0,44,319.974209
0.0,101,320.421185
0.0,101,320.918891
0.0,101,321.355501
0.0,50,321.595174
0.0,56,321.850748
0.0,101,322.282773
0.0,24,322.410956
0.0,101,323.860811
0.0,30,324.004575
0.0,57,324.260307
0.0,45,324.478666
0.0,101,324.942914
0.0,49,325.170445
0.0,47,325.392498
0.0,101,325.867012
0.0,52,326.104503
0.0,24,326.237335
0.0,101,326.679654
0.0,27,326.819931
0.0,101,327.29149
0.0,66,327.591758
0.0,54,327.844227
0.0,101,328.323846
0.0,62,328.612589
0.0,30,328.770956
0.0,101,329.256892
0.0,100,329.702187
0.0,101,330.17948
0.0,101,330.62949
0.0,67,330.938323
0.0,101,331.416959
0.0,60,331.695856
0.0,101,332.143242
0.0,17,332.248364
0.0,76,332.609984
0.0,97,333.044299
0.0,101,334.497668
0.0,101,334.954028
0.0,63,335.243832
0.0,35,335.417773
0.0,26,335.546742
0.0,16,335.639257
0.0,101,336.099105
0.0,101,336.551167
0.0,66,336.845679
0.0,36,337.024362
0.0,101,337.448287
0.0,101,337.911581
0.0,101,338.358189
0.0,101,338.805443
0.0,71,339.123034
0.0,101,339.586478
0.0,62,339.860193
0.0,43,340.057543
0.0,81,340.4167
0.0,19,340.525634
0.0,58,340.791157
0.0,101,341.276805
0.0,59,341.545112
0.0,47,341.765347
0.0,60,342.03474
0.0,53,342.282444
0.0,101,342.70886
0.0,101,343.176117
0.0,101,344.615743
0.0,15,344.705781
0.0,53,344.949128
0.0,101,345.425601
0.0,101,345.862411
0.0,101,346.331048
0.0,51,346.560679
0.0,98,346.988225
0.0,101,347.429564
0.0,26,347.558805
0.0,35,347.727983
0.0,101,348.176712
0.0,53,348.420766
0.0,25,348.560175
0.0,101,349.032098
0.0,56,349.324113
0.0,52,349.563645
0.0,51,349.799413
0.0,101,350.285125
0.0,101,350.760415
0.0,79,351.118154
-1.0,86,351.506993
0.0,101,351.984944
0.0,101,352.421959
0.0,18,352.522381
0.0,101,352.977691
0.0,101,353.417656
0.0,61,353.694208
0.0,25,353.834952
0.0,101,355.259742
0.0,101,355.721774
0.0,94,356.128634
0.0,28,356.279871
0.0,18,356.379904
0.0,101,356.854083
0.0,101,357.312465
0.0,14,357.396882
0.0,101,357.831847
0.0,101,358.274778
0.0,101,358.707382
0.0,70,359.025589
0.0,34,359.193797
0.0,101,359.625232
0.0,75,359.953332
0.0,55,360.202059
0.0,51,360.439571
0.0,57,360.697791
0.0,14,360.783201
0.0,74,361.109341
0.0,18,361.208554
0.0,50,361.446975
0.0,72,361.767054
0.0,74,362.102916
0.0,48,362.328133
0.0,16,362.420887
0.0,54,362.665147
0.0,99,363.092576
0.0,101,363.53584
0.0,101,363.965164
0.0,55,364.22451
0.0,20,365.327729
0.0,52,365.567533
0.0,101,366.047491
0.0,48,366.271809
0.0,47,366.493904
0.0,44,366.707214
0.0,56,366.963116
0.0,101,367.409287
0.0,21,367.530562
0.0,56,367.791515
0.0,101,368.229031
0.0,101,368.67659
0.0,101,369.148315
0.0,66,369.450276
0.0,56,369.698725
0.0,81,370.057679
0.0,101,370.481104
0.0,56,370.737549
0.0,87,371.132335
0.0,56,371.388844
0.0,23,371.513194
0.0,101,371.956288
0.0,101,372.443492
0.0,101,372.882184
0.0,20,372.991553
0.0,101,373.448334
0.0,58,373.701805
0.0,69,374.016472
0.0,60,374.285601
0.0,63,374.564862
0.0,101,376.010298
0.0,78,376.355537
0.0,59,376.615513
0.0,101,377.090845
0.0,101,377.550818
0.0,101,377.990942
0.0,101,378.426212
0.0,101,378.914402
0.0,50,379.140655
0.0,71,379.46023
0.0,23,379.586107
0.0,101,380.031796
0.0,81,380.389079
0.0,57,380.6408
0.0,101,381.079415
0.0,101,381.530616
0.0,56,381.793247
0.0,101,382.288188
0.0,78,382.645096
0.0,54,382.897417
0.0,58,383.158807
0.0,101,383.64985
0.0,54,383.89162
0.0,30,384.051614
0.0,101,384.533406
0.0,101,384.959184
0.0,101,386.416757
0.0,53,386.661927
0.0,21,386.77603
0.0,92,387.189939
0.0,101,387.668115
0.0,55,387.928568
0.0,59,388.193362
0.0,49,388.425157
0.0,101,388.889022
0.0,63,389.181693
0.0,101,389.609216
0.0,88,389.992029
0.0,26,390.129801
0.0,14,390.21601
0.0,101,390.65972
0.0,14,390.744378
0.0,27,390.875314
0.0,101,391.318455
0.0,101,391.765767
0.0,52,392.00827
0.0,18,392.107944
0.0,101,392.587631
0.0,101,393.02231
0.0,101,393.44384
0.0,101,393.875732
0.0,15,393.965717
0.0,101,394.405371
0.0,101,394.821778
0.0,101,396.261892
0.0,101,396.735801
0.0,101,397.223381
0.0,101,397.712882
0.0,101,398.144868
0.0,54,398.396418
0.0,101,398.817074
0.0,101,399.320352
0.0,64,399.608926
0.0,101,400.060933
0.0,101,400.508644
0.0,63,400.791573
0.0,101,401.226792
0.0,70,401.566502
0.0,91,401.966619
0.0,66,402.258075
0.0,55,402.520108
0.0,55,402.772168
0.0,59,403.033104
0.0,68,403.342573
0.0,101,403.772901
0.0,59,404.04178
0.0,101,404.505163
0.0,16,404.600709
0.0,52,404.834748
0.0,60,405.09718
0.0,101,406.581234
0.0,44,406.798774
0.0,62,407.068775
0.0,50,407.30949
0.0,62,407.580324
0.0,101,408.048783
0.0,74,408.385299
0.0,101,408.826513
0.0,40,409.017492
0.0,31,409.170145
0.0,101,409.619673
0.0,40,409.82145
0.0,74,410.154346
0.0,101,410.624968
0.0,67,410.938289
0.0,101,411.35631
0.0,86,411.738584
0.0,49,411.97286
0.0,36,412.150476
0.0,63,412.424994
0.0,53,412.661011
0.0,29,412.799908
0.0,101,413.250002
0.0,101,413.693045
0.0,101,414.168424
0.0,101,414.60576
0.0,101,415.058996
0.0,17,415.156487
0.0,101,415.598385
0.0,27,415.741852
0.0,68,417.042803
0.0,101,417.510114
0.0,101,418.003173
0.0,101,418.450598
0.0,87,418.830481
0.0,101,419.271309
0.0,27,419.404292
0.0,54,419.645765
0.0,101,420.092559
0.0,60,420.367777
0.0,101,420.853245
0.0,101,421.313046
0.0,61,421.587897
0.0,52,421.826734
0.0,101,422.27409
0.0,44,422.485946
0.0,101,422.930353
0.0,101,423.372409
0.0,22,423.493252
0.0,65,423.783064
0.0,101,424.276037
0.0,101,424.712342
0.0,88,425.118257
0.0,34,425.282031
0.0,92,425.697031
0.0,52,425.931517
0.0,101,427.376756
0.0,36,427.544232
0.0,101,427.985829
0.0,52,428.226339
0.0,101,428.683709
0.0,93,429.089435
0.0,71,429.403831
0.0,92,429.841637
0.0,59,430.106594
0.0,23,430.231722
0.0,67,430.551975
0.0,70,430.866424
0.0,27,431.012855
0.0,62,431.296521
0.0,27,431.436786
0.0,51,431.679589
0.0,91,432.07207
0.0,101,432.498338
0.0,46,432.714981
0.0,101,433.183369
0.0,57,433.445414
0.0,101,433.9259
0.0,53,434.16122
0.0,55,434.409653
0.0,101,434.872401
0.0,77,435.21331
0.0,61,435.489502
0.0,57,435.750451
0.0,101,436.241615
0.0,101,437.677063
0.0,78,438.045268
0.0,101,438.490731
0.0,101,438.910011
0.0,101,439.35415
0.0,55,439.614451
0.0,101,440.083639
0.0,101,440.513786
0.0,101,440.95926
0.0,101,441.407047
0.0,53,441.646039
0.0,56,441.896166
0.0,101,442.341702
0.0,101,442.792499
0.0,26,442.920814
0.0,58,443.191726
0.0,101,443.669288
0.0,101,444.111511
0.0,101,444.595669
0.0,101,445.072237
0.0,14,445.1604
0.0,101,445.612778
0.0,75,445.952486
-1.0,45,446.161847
0.0,16,446.256912
0.0,101,446.718393
0.0,27,447.829924
0.0,26,447.963308
0.0,90,448.367439
0.0,60,448.638696
0.0,101,449.097155
0.0,101,449.560518
0.0,60,449.828202
0.0,72,450.148325
0.0,65,450.43936
0.0,57,450.696043
0.0,101,451.136943
0.0,101,451.555356
0.0,14,451.647929
0.0,62,451.924565
0.0,101,452.368563
0.0,87,452.763045
0.0,101,453.201412
0.0,60,453.493355
0.0,101,453.987027
0.0,101,454.42493
0.0,56,454.671491
0.0,28,454.808447
0.0,72,455.146478
0.0,101,455.615828
0.0,101,456.062632
0.0,50,456.290506
0.0,58,456.545857
0.0,101,457.011265
0.0,101,458.457648
0.0,101,458.922586
0.0,101,459.3724
0.0,20,459.483271
0.0,64,459.766616
0.0,101,460.211306
0.0,65,460.498591
0.0,101,460.976869
0.0,24,461.104238
0.0,30,461.247876
0.0,77,461.59198
0.0,47,461.81221
0.0,101,462.300374
0.0,101,462.76194
0.0,101,463.238596
0.0,101,463.680619
0.0,101,464.173129
0.0,101,464.661414
0.0,101,465.107732
0.0,50,465.33835
0.0,101,465.806146
0.0,55,466.060524
0.0,71,466.386721
0.0,90,466.785702
0.0,101,467.23021
0.0,47,467.453951
0.0,101,468.909743
0.0,101,469.353265
0.0,60,469.628906
0.0,82,469.995295
0.0,101,470.433989
0.0,66,470.732222
0.0,101,471.190968
0.0,55,471.471282
0.0,18,471.570413
0.0,55,471.822845
0.0,21,471.937003
0.0,101,472.355139
0.0,101,472.812364
0.0,76,473.150525
0.0,101,473.593363
0.0,101,474.010818
0.0,101,474.444135
0.0,101,474.923264
0.0,101,475.374893
0.0,86,475.776976
0.0,101,476.201054
0.0,50,476.437103
0.0,101,476.858416
0.0,101,477.301258
0.0,101,478.735568
0.0,56,478.983918
0.0,101,479.45049
0.0,101,479.904005
0.0,101,480.380112
0.0,101,480.866686
0.0,101,481.31701
0.0,53,481.565675
0.0,62,481.835562
0.0,55,482.079998
0.0,101,482.519237
0.0,101,482.952643
0.0,101,483.410134
0.0,101,483.862601
0.0,33,484.022881
0.0,91,484.427742
0.0,101,484.85914
0.0,72,485.180164
0.0,101,485.609986
0.0,54,485.860205
0.0,101,486.351171
0.0,31,486.498008
0.0,101,486.943017
0.0,101,487.414
0.0,29,487.555706
0.0,57,487.804145
0.0,53,489.036103
0.0,101,489.50411
0.0,56,489.757506
0.0,101,490.231425
0.0,101,490.723627
0.0,30,490.870226
0.0,81,491.223261
0.0,55,491.469016
0.0,62,491.741495
0.0,64,492.031618
0.0,52,492.276501
0.0,101,492.749857
0.0,70,493.068898
0.0,101,493.539986
0.0,49,493.771659
0.0,101,494.256005
0.0,16,494.350283
0.0,101,494.846305
0.0,101,495.343919
0.0,101,495.789558
0.0,101,496.229812
0.0,101,496.71681
0.0,14,496.801685
0.0,101,497.247
0.0,29,497.395625
0.0,64,497.692348
0.0,32,497.843159
0.0,19,497.949883
0.0,101,498.392494
0.0,101,499.863937
0.0,101,500.310974
0.0,92,500.735775
0.0,78,501.091162
0.0,56,501.34757
0.0,101,501.788505
0.0,66,502.080317
0.0,101,502.554661
0.0,101,503.031005
0.0,101,503.468857
0.0,49,503.697108
0.0,19,503.8008
0.0,44,504.010936
0.0,101,504.494047
0.0,101,504.956739
0.0,67,505.250185
0.0,101,505.721193
0.0,101,506.162944
0.0,32,506.329392
0.0,101,506.793906
0.0,101,507.234326
0.0,101,507.684304
0.0,63,507.966791
0.0,101,508.456001
0.0,65,508.7519
0.0,101,510.185587
0.0,48,510.412051
0.0,101,510.863036
0.0,101,511.315796
0.0,26,511.458325
0.0,101,511.880924
0.0,98,512.323891
0.0,48,512.548696
0.0,101,513.060246
0.0,84,513.439958
0.0,64,513.726569
0.0,45,513.940955
0.0,52,514.175857
0.0,101,514.615859
0.0,101,515.069096
0.0,101,515.521431
0.0,87,515.931125
0.0,53,516.180318
0.0,57,516.440625
0.0,82,516.82143
0.0,101,517.312778
0.0,101,517.773959
0.0,101,518.243162
0.0,71,518.572332
0.0,86,518.952034
0.0,61,520.206828
0.0,25,520.333647
0.0,77,520.685289
0.0,101,521.140401
0.0,58,521.394952
0.0,101,521.840782
0.0,59,522.109667
0.0,90,522.511508
0.0,76,522.858749
0.0,28,522.994671
0.0,100,523.445
0.0,101,523.940516
0.0,101,524.418439
0.0,54,524.665386
0.0,22,524.789726
0.0,22,524.90983
0.0,77,525.250135
0.0,96,525.677008
0.0,101,526.124369
0.0,101,526.570883
0.0,91,526.980097
0.0,55,527.239106
0.0,46,527.459255
0.0,79,527.812026
0.0,101,528.252825
0.0,101,528.723521
0.0,60,528.990459
0.0,101,529.459433
0.0,27,530.578789
0.0,36,530.749284
0.0,101,531.193126
0.0,101,531.694364
0.0,101,532.131575
0.0,101,532.558538
0.0,24,532.679138
0.0,54,532.937595
0.0,101,533.394704
0.0,101,533.834811
0.0,76,534.175017
0.0,101,534.641311
0.0,101,535.083823
0.0,101,535.550156
0.0,68,535.851397
0.0,26,535.979474
0.0,28,536.123077
0.0,101,536.608621
0.0,28,536.749871
0.0,101,537.186785
0.0,101,537.619711
0.0,52,537.854211
0.0,49,538.081744
0.0,101,538.536626
0.0,60,538.839951
0.0,73,539.166385
0.0,101,539.625794
0.0,101,541.044581
0.0,59,541.318745
0.0,101,541.804808
0.0,55,542.063602
0.0,101,542.508428
0.0,101,542.967392
0.0,58,543.224592
0.0,28,543.363337
0.0,73,543.702546
0.0,101,544.151631
0.0,46,544.367796
0.0,51,544.60381
0.0,54,544.84739
0.0,37,545.021585
0.0,101,545.456289
0.0,38,545.644147
0.0,50,545.870634
0.0,101,546.305342
0.0,101,546.736159
0.0,73,547.069441
0.0,101,547.503321
0.0,101,547.9981
0.0,71,548.313683
0.0,101,548.752549
0.0,32,548.909411
0.0,30,549.058276
0.0,101,549.496217
0.0,60,549.778129
0.0,81,551.11129
0.0,101,551.558666
0.0,101,551.979789
0.0,101,552.405435
0.0,101,552.875602
0.0,59,553.159433
0.0,101,553.60618
0.0,31,553.76204
0.0,65,554.049606
0.0,101,554.51326
0.0,101,554.987469
0.0,101,555.462561
0.0,55,555.713734
0.0,55,555.961126
0.0,101,556.432647
0.0,101,556.867435
0.0,101,557.313338
0.0,26,557.441987
0.0,101,557.92116
0.0,55,558.173148
0.0,57,558.425834
0.0,101,558.88763
0.0,75,559.236889
0.0,60,559.515333
0.0,101,559.979044
0.0,101,561.419292
0.0,101,561.84765
0.0,47,562.070738
0.0,27,562.200577
0.0,101,562.695087
0.0,25,562.818518
0.0,55,563.063092
0.0,101,563.512396
0.0,57,563.786452
0.0,54,564.038258
0.0,27,564.168791
-1.0,87,564.568164
0.0,101,565.046248
0.0,28,565.181789
0.0,28,565.322025
0.0,65,565.627414
0.0,96,566.030857
0.0,65,566.326205
0.0,44,566.555021
0.0,27,566.691613
0.0,101,567.158925
0.0,77,567.500865
0.0,72,567.820386
0.0,101,568.265486
0.0,75,568.598329
0.0,101,569.072646
0.0,57,569.337589
0.0,101,569.790071
0.0,56,570.047788
0.0,31,570.20671
0.0,101,570.659569
0.0,101,572.10224
0.0,101,572.536423
0.0,101,572.996514
0.0,26,573.12296
0.0,101,573.580491
0.0,101,574.023869
0.0,101,574.458597
0.0,101,574.908412
0.0,55,575.165684
0.0,29,575.312087
0.0,27,575.443973
0.0,101,575.919849
0.0,100,576.364737
0.0,30,576.516069
0.0,101,576.964164
0.0,101,577.411383
0.0,56,577.662646
0.0,72,577.991726
0.0,26,578.119906
0.0,101,578.571257
0.0,101,579.00137
0.0,101,579.455682
0.0,26,579.582339
0.0,101,580.024295
0.0,78,580.378665
0.0,53,580.622264
0.0,58,580.894921
0.0,94,582.303886
0.0,101,582.757746
0.0,101,583.205223
0.0,101,583.711595
0.0,101,584.219372
0.0,101,584.673869
0.0,101,585.154472
0.0,101,585.608443
0.0,101,586.117638
0.0,85,586.507454
0.0,101,586.956134
0.0,101,587.398235
0.0,67,587.75141
0.0,25,587.878584
0.0,69,588.189041
0.0,30,588.3419
0.0,58,588.610794
0.0,101,589.060384
0.0,57,589.322526
0.0,101,589.823524
0.0,27,589.95458
0.0,26,590.082431
0.0,25,590.205742
0.0,62,590.482169
0.0,74,590.808525
0.0,28,590.9511
0.0,56,591.204028
0.0,101,592.653596
0.0,49,592.893513
0.0,101,593.34949
0.0,64,593.643335
0.0,55,593.901559
0.0,79,594.262899
0.0,27,594.39765
0.0,29,594.538197
0.0,101,594.992738
0.0,101,595.454211
0.0,101,595.913876
0.0,101,596.392284
0.0,101,596.836784
0.0,25,596.974593
0.0,53,597.220153
0.0,101,597.686175
0.0,35,597.851843
0.0,101,598.338016
0.0,101,598.804967
0.0,58,599.066392
0.0,27,599.196882
0.0,76,599.543476
0.0,101,600.027701
0.0,101,600.471273
0.0,26,600.598579
0.0,101,601.065408
0.0,32,601.230506
0.0,35,601.410194
0.0,28,601.548948
0.0,26,601.677899
0.0,27,601.812865
0.0,101,603.315143
0.0,101,603.794821
0.0,101,604.285509
0.0,37,604.483478
0.0,101,604.932466
0.0,101,605.384126
0.0,29,605.531974
0.0,29,605.682603
0.0,28,605.824832
0.0,26,605.952533
0.0,37,606.134949
0.0,61,606.416442
0.0,101,606.865577
0.0,31,607.023574
0.0,30,607.177453
0.0,101,607.624814
0.0,101,608.141603
0.0,50,608.375463
0.0,101,608.829678
0.0,99,609.277907
0.0,54,609.535388
0.0,26,609.66376
0.0,51,609.908771
0.0,101,610.338526
0.0,31,610.49317
0.0,29,610.640538
0.0,101,611.112822
0.0,101,611.588307
0.0,58,611.854706
0.0,41,612.054554
0.0,101,612.543839
0.0,54,613.792391
0.0,63,614.070737
0.0,25,614.194641
0.0,101,614.655758
0.0,28,614.798788
0.0,56,615.04804
0.0,101,615.477173
0.0,57,615.744193
0.0,63,616.03386
0.0,50,616.265976
0.0,63,616.549277
0.0,80,616.965708
0.0,101,617.41308
0.0,101,617.88859
0.0,101,618.364868
0.0,25,618.490491
0.0,101,618.974146
0.0,101,619.445815
0.0,60,619.716115
0.0,101,620.175821
0.0,101,620.637439
0.0,101,621.117718
0.0,101,621.573449
0.0,57,621.843848
0.0,75,622.173505
0.0,81,622.540292
0.0,101,622.967349
0.0,101,624.414676
0.0,101,624.902173
0.0,101,625.334445
0.0,101,625.807007
0.0,27,625.939471
0.0,101,626.39096
0.0,101,626.837742
0.0,29,626.982444
0.0,62,627.261074
0.0,65,627.553304
0.0,101,628.01074
0.0,67,628.306589
0.0,54,628.561013
0.0,101,629.007151
0.0,62,629.283515
0.0,101,629.730185
0.0,101,630.23077
0.0,101,630.682921
0.0,101,631.145603
0.0,101,631.596768
0.0,25,631.722957
0.0,24,631.844886
0.0,101,632.284592
0.0,101,632.743887
0.0,27,632.877185
0.0,95,633.306812
0.0,101,634.775942
0.0,63,635.064131
0.0,58,635.32327
0.0,62,635.608323
0.0,101,636.097844
0.0,26,636.225281
0.0,101,636.679679
0.0,89,637.095897
0.0,26,637.223354
0.0,83,637.585504
0.0,84,637.980049
0.0,101,638.400098
0.0,92,638.821926
0.0,99,639.311767
0.0,101,639.738375
0.0,58,640.0059
0.0,101,640.515456
0.0,85,640.903345
0.0,101,641.352386
0.0,29,641.493469
0.0,25,641.62082
0.0,65,641.912798
0.0,101,642.39679
0.0,101,642.868183
0.0,36,643.065308
0.0,40,643.280939
0.0,101,643.722386
0.0,27,643.857466
0.0,101,645.33134
0.0,57,645.590268
0.0,101,646.023161
0.0,54,646.269125
0.0,32,646.436002
0.0,29,646.578151
-1.0,97,647.014866
0.0,28,647.158546
0.0,101,647.608249
0.0,56,647.8664
0.0,61,648.145394
0.0,27,648.27984
0.0,101,648.741781
0.0,29,648.886297
0.0,99,649.32954
0.0,63,649.617554
0.0,44,649.835402
0.0,66,650.138395
0.0,101,650.621306
0.0,24,650.74091
0.0,101,651.231905
0.0,101,651.689028
0.0,101,652.15454
0.0,57,652.412824
0.0,31,652.564165
0.0,63,652.853678
0.0,101,653.311172
0.0,101,653.771317
0.0,78,654.123321
0.0,28,654.264319
0.0,27,654.396933
0.0,24,655.50396
0.0,61,655.784489
0.0,24,655.905637
0.0,101,656.36332
0.0,101,656.82228
0.0,101,657.264423
0.0,71,657.58429
0.0,29,657.726411
0.0,28,657.864295
0.0,29,658.011997
0.0,101,658.492341
0.0,30,658.648058
0.0,61,658.921667
0.0,64,659.213217
0.0,76,659.553553
0.0,72,659.882642
0.0,101,660.378235
0.0,100,660.828469
0.0,33,660.997587
0.0,87,661.392392
0.0,60,661.661369
0.0,86,662.036037
0.0,101,662.467753
0.0,29,662.614649
0.0,28,662.757093
0.0,38,662.943902
0.0,101,663.407149
0.0,27,663.540135
0.0,27,663.673395
0.0,30,663.827525
0.0,101,664.318054
0.0,91,664.747776
0.0,93,666.16144
0.0,101,666.647659
0.0,31,666.808831
0.0,101,667.292054
0.0,62,667.574122
0.0,76,667.93669
0.0,59,668.199283
0.0,83,668.58019
0.0,72,668.906241
0.0,101,669.377186
0.0,101,669.881546
0.0,61,670.15581
0.0,101,670.605917
0.0,26,670.736925
0.0,29,670.890806
0.0,101,671.361526
0.0,71,671.684901
0.0,25,671.811858
0.0,62,672.093486
0.0,26,672.221993
0.0,60,672.50186
0.0,71,672.833359
0.0,76,673.179842
0.0,71,673.520282
0.0,26,673.649656
0.0,28,673.792449
0.0,30,673.941968
0.0,101,674.402507
0.0,101,674.869451
0.0,101,675.36137
0.0,101,676.815431
0.0,101,677.25541
0.0,27,677.391451
0.0,101,677.871013
0.0,101,678.362576
0.0,26,678.491984
0.0,101,678.965151
0.0,101,679.427933
0.0,30,679.580103
0.0,101,680.020461
0.0,63,680.300624
0.0,101,680.755049
0.0,65,681.048002
0.0,34,681.214087
0.0,26,681.345778
0.0,101,681.802426
0.0,30,681.958985
0.0,101,682.400449
0.0,29,682.553417
0.0,101,683.03392
0.0,66,683.331831
0.0,101,683.829869
0.0,85,684.225714
0.0,56,684.484108
0.0,85,684.878361
0.0,25,685.00114
0.0,74,685.335414
0.0,84,685.718831
0.0,101,687.160186
0.0,29,687.309421
0.0,29,687.450321
0.0,101,687.90353
0.0,101,688.3459
0.0,25,688.472802
0.0,101,688.937582
0.0,101,689.377797
0.0,67,689.685274
0.0,101,690.105581
0.0,65,690.397683
0.0,53,690.643386
0.0,101,691.089947
0.0,101,691.581017
0.0,101,692.033808
0.0,28,692.176836
0.0,26,692.305646
0.0,101,692.791374
0.0,101,693.280496
0.0,77,693.63667
0.0,26,693.766185
0.0,26,693.895199
0.0,26,694.023261
0.0,83,694.382941
0.0,58,694.65224
0.0,101,695.114504
0.0,35,695.294535
0.0,62,695.575271
0.0,101,696.033736
0.0,31,696.192457
0.0,101,697.64056
0.0,37,697.820549
0.0,81,698.182837
0.0,45,698.41206
0.0,101,698.849433
0.0,101,699.333484
0.0,55,699.587948
0.0,52,699.835284
0.0,29,699.984504
0.0,27,700.114903
0.0,26,700.245083
0.0,26,700.375462
0.0,101,700.797782
0.0,61,701.068778
0.0,101,701.501609
0.0,27,701.635275
0.0,30,701.780176
0.0,101,702.221682
0.0,48,702.452998
0.0,27,702.590164
0.0,81,702.955774
0.0,101,703.398581
0.0,28,703.533852
0.0,101,703.993733
0.0,25,704.117626
0.0,26,704.248209
0.0,66,704.571816
0.0,78,704.931312
0.0,101,705.3855
0.0,27,705.517023
0.0,27,705.650476
0.0,56,705.915874
0.0,101,706.385339
0.0,101,706.856375
0.0,101,708.313728
0.0,101,708.805418
0.0,28,708.944679
0.0,101,709.387054
0.0,30,709.537263
0.0,26,709.667412
0.0,101,710.152452
0.0,61,710.442118
0.0,73,710.779767
0.0,101,711.218288
0.0,60,711.493687
0.0,24,711.614934
0.0,101,712.09139
0.0,45,712.313166
0.0,101,712.758027
0.0,53,713.001459
0.0,75,713.342493
0.0,101,713.81293
0.0,92,714.227442
0.0,101,714.685624
0.0,101,715.140177
0.0,51,715.385565
0.0,29,715.528537
0.0,101,715.978015
0.0,24,716.099367
0.0,29,716.248351
0.0,101,716.74069
0.0,25,716.867612
0.0,16,716.969306
0.0,101,717.4697
0.0,101,718.924747
0.0,34,719.093013
0.0,101,719.54804
0.0,75,719.890504
0.0,101,720.320043
0.0,64,720.610029
0.0,51,720.854721
0.0,101,721.305365
0.0,37,721.484186
0.0,26,721.613052
0.0,63,721.897771
0.0,25,722.024359
0.0,59,722.297626
0.0,101,722.766035
0.0,101,723.24962
0.0,27,723.393279
0.0,101,723.849678
0.0,29,723.998737
0.0,101,724.449993
0.0,24,724.56823
0.0,27,724.700184
0.0,55,724.971594
0.0,101,725.417795
0.0,101,725.884638
0.0,101,726.376746
0.0,30,726.530245
0.0,101,726.985054
0.0,101,727.486405
0.0,101,727.981975
0.0,101,729.437747
0.0,67,729.736099
0.0,30,729.891502
0.0,25,730.017056
0.0,100,730.465896
0.0,54,730.720339
0.0,29,730.86378
1.0,94,731.291115
0.0,101,731.78712
0.0,27,731.921666
0.0,29,732.067902
0.0,48,732.293838
0.0,27,732.42929
0.0,101,732.877838
0.0,101,733.352354
0.0,25,733.478551
0.0,101,733.963541
0.0,101,734.427626
0.0,23,734.562483
0.0,29,734.701731
0.0,101,735.194199
0.0,64,735.481354
0.0,101,735.937426
0.0,101,736.424373
0.0,101,736.875163
0.0,27,737.011863
0.0,59,737.281305
0.0,101,737.72799
0.0,29,737.874834
0.0,70,738.191422
0.0,95,738.632666
0.0,101,740.123034
0.0,95,740.549751
0.0,100,741.042883
0.0,101,741.508442
0.0,101,741.958655
0.0,101,742.402305
0.0,28,742.541859
0.0,37,742.721609
-1.0,89,743.12142
0.0,29,743.271683
0.0,101,743.758138
0.0,56,744.011586
0.0,101,744.468731
0.0,101,744.928311
0.0,101,745.374583
0.0,101,745.824837
0.0,74,746.158789
0.0,28,746.296149
0.0,101,746.789394
0.0,101,747.265489
0.0,101,747.706172
0.0,29,747.852045
0.0,25,747.982779
0.0,26,748.112126
0.0,29,748.254292
0.0,71,748.592728
0.0,64,748.879797
0.0,101,750.336366
0.0,76,750.675536
0.0,31,750.834082
0.0,25,750.959708
0.0,101,751.388472
0.0,31,751.533547
0.0,29,751.679383
0.0,101,752.136431
0.0,101,752.627723
0.0,62,752.91765
0.0,24,753.035575
0.0,27,753.168514
0.0,101,753.66693
0.0,82,754.040177
0.0,101,754.487869
0.0,30,754.638384
0.0,101,755.077414
0.0,101,755.525298
0.0,26,755.655008
0.0,25,755.777786
0.0,97,756.217814
0.0,101,756.691372
0.0,62,756.975875
0.0,101,757.456821
0.0,101,757.93935
0.0,29,758.084109
0.0,101,758.53468
0.0,88,758.926328
0.0,29,759.074054
0.0,101,759.56826
0.0,101,761.02227
0.0,58,761.298296
0.0,28,761.439664
0.0,101,761.896436
0.0,30,762.048229
0.0,25,762.174397
0.0,101,762.640252
0.0,28,762.784148
0.0,101,763.262656
0.0,101,763.724192
0.0,90,764.142769
0.0,62,764.428265
0.0,101,764.877113
0.0,101,765.341957
0.0,101,765.796607
0.0,64,766.087777
0.0,69,766.392212
0.0,67,766.694475
0.0,101,767.144952
0.0,101,767.628999
0.0,27,767.762163
0.0,72,768.088871
0.0,61,768.37095
0.0,101,768.817592
0.0,26,768.946954
0.0,69,769.251237
0.0,101,769.706985
0.0,26,769.833617
0.0,101,771.289613
0.0,101,771.797136
0.0,101,772.248305
0.0,101,772.698289
0.0,101,773.149816
0.0,100,773.623291
0.0,26,773.75257
0.0,101,774.2524
0.0,64,774.546967
0.0,26,774.677416
0.0,101,775.174417
0.0,101,775.617398
0.0,24,775.736192
0.0,64,776.024739
0.0,101,776.46952
0.0,64,776.757065
0.0,79,777.116727
0.0,101,777.627254
0.0,101,778.084616
0.0,42,778.300752
0.0,62,778.591388
0.0,26,778.71776
0.0,64,779.013202
0.0,74,779.349469
0.0,101,779.794686
0.0,53,780.03887
0.0,26,780.166368
0.0,28,780.301955
0.0,70,780.617478
0.0,25,781.724499
0.0,101,782.176848
0.0,73,782.508324
0.0,101,783.000317
0.0,57,783.256
0.0,101,783.694939
0.0,101,784.14707
0.0,101,784.597341
0.0,50,784.821518
0.0,101,785.265454
0.0,30,785.418249
0.0,28,785.552171
0.0,59,785.825259
0.0,101,786.278952
0.0,55,786.533754
0.0,101,786.977198
0.0,87,787.366318
0.0,59,787.627766
0.0,42,787.825541
0.0,27,787.958533
0.0,101,788.400066
0.0,25,788.523978
0.0,77,788.867164
0.0,101,789.303905
0.0,101,789.745233
0.0,101,790.175181
0.0,101,790.600621
0.0,63,791.862169
0.0,70,792.185008
0.0,59,792.447
0.0,60,792.715636
0.0,28,792.855921
0.0,25,792.979534
0.0,57,793.236541
0.0,101,793.719833
0.0,66,794.016624
0.0,24,794.133285
0.0,101,794.563059
0.0,91,794.956533
0.0,27,795.08613
0.0,58,795.353307
0.0,57,795.61802
0.0,101,796.094892
0.0,24,796.212683
0.0,101,796.653596
0.0,101,797.111203
0.0,47,797.329535
0.0,28,797.469951
0.0,64,797.761246
0.0,63,798.036453
0.0,100,798.482702
0.0,101,798.943564
0.0,27,799.076281
-1.0,91,799.475143
0.0,101,799.911545
0.0,64,800.198447
0.0,29,800.345428
0.0,31,800.499902
0.0,61,800.78123
0.0,30,800.925879
0.0,64,802.181772
0.0,101,802.663033
0.0,101,803.130468
0.0,75,803.466429
0.0,29,803.610016
0.0,101,804.05496
0.0,101,804.489474
0.0,101,804.922439
0.0,57,805.173491
0.0,101,805.646333
0.0,101,806.062127
0.0,101,806.509098
0.0,28,806.64981
0.0,66,806.94462
0.0,62,807.233656
0.0,30,807.387135
0.0,27,807.518226
0.0,26,807.64461
0.0,101,808.128093
0.0,26,808.252041
0.0,25,808.377661
0.0,52,808.611619
0.0,26,808.737202
0.0,101,809.174099
0.0,64,809.465708
0.0,85,809.83006
0.0,29,809.974889
0.0,26,810.100895
0.0,25,810.223408
0.0,67,810.523873
0.0,51,810.761561
0.0,101,811.202469
0.0,101,812.627904
0.0,101,813.106719
0.0,101,813.557907
0.0,83,813.937458
0.0,27,814.068794
0.0,28,814.204422
0.0,65,814.496081
0.0,80,814.854888
0.0,26,814.98251
0.0,101,815.407577
0.0,101,815.844305
0.0,100,816.295783
0.0,101,816.724534
0.0,101,817.177819
0.0,101,817.658009
0.0,53,817.909163
0.0,80,818.27436
0.0,55,818.535871
0.0,101,818.982881
0.0,27,819.113139
0.0,29,819.260476
0.0,101,819.689934
0.0,29,819.837225
0.0,25,819.963145
0.0,57,820.222172
0.0,63,820.504037
0.0,25,820.625788
0.0,95,821.047012
0.0,51,821.287317
0.0,28,821.429529
0.0,99,822.864131
0.0,101,823.345932
0.0,101,823.760381
0.0,33,823.917876
0.0,30,824.065651
0.0,101,824.513205
0.0,64,824.800656
0.0,101,825.259928
0.0,60,825.530946
0.0,27,825.662029
0.0,30,825.811941
0.0,27,825.945268
0.0,31,826.097425
0.0,74,826.430672
0.0,39,826.630467
0.0,28,826.762402
0.0,27,826.893085
0.0,63,827.16882
0.0,101,827.61495
0.0,64,827.905668
0.0,101,828.340522
0.0,101,828.773072
0.0,29,828.918531
0.0,101,829.414669
0.0,101,829.872297
0.0,101,830.330475
0.0,101,830.77645
0.0,101,831.226639
0.0,101,831.650939
0.0,90,833.012228
0.0,91,833.405619
0.0,24,833.522444
0.0,25,833.645901
0.0,30,833.796354
0.0,64,834.07846
0.0,27,834.206834
0.0,27,834.340214
0.0,28,834.480613
0.0,101,834.926927
0.0,82,835.290876
0.0,101,835.707558
0.0,71,836.050665
0.0,50,836.288519
0.0,26,836.415953
0.0,65,836.715304
0.0,25,836.836543
0.0,101,837.274137
0.0,85,837.651965
0.0,101,838.097068
0.0,64,838.386934
0.0,30,838.532723
0.0,29,838.677328
0.0,25,838.79966
0.0,25,838.923275
0.0,64,839.201513
0.0,58,839.462935
0.0,31,839.617858
0.0,37,839.796318
0.0,28,839.939627
0.0,69,840.253414
0.0,101,840.687618
0.0,73,841.010263
0.0,101,841.482859
0.0,26,841.607682
0.0,24,841.728287
0.0,25,841.854631
0.0,64,842.145308
0.0,28,843.261023
0.0,101,843.725919
0.0,25,843.849242
0.0,25,843.973636
0.0,25,844.095142
0.0,43,844.294485
0.0,28,844.436127
0.0,101,844.878278
0.0,101,845.304339
0.0,69,845.62671
0.0,101,846.083408
0.0,61,846.357284
0.0,101,846.802819
0.0,29,846.950124
0.0,79,847.295801
0.0,79,847.672277
0.0,28,847.807117
0.0,75,848.13824
0.0,29,848.273448
0.0,61,848.54863
0.0,27,848.678327
0.0,101,849.1565
0.0,75,849.490751
0.0,101,849.964171
0.0,55,850.21288
0.0,55,850.461146
0.0,75,850.786926
0.0,83,851.166201
0.0,101,851.610632
0.0,26,851.740143
0.0,28,851.881128
0.0,101,852.357748
0.0,29,852.502131
0.0,63,853.772618
0.0,25,853.893564
0.0,101,854.368889
0.0,27,854.501922
0.0,25,854.621928
0.0,58,854.873062
0.0,96,855.309496
0.0,29,855.451087
0.0,59,855.728137
0.0,27,855.862203
0.0,101,856.318043
0.0,101,856.799259
0.0,25,856.921072
0.0,28,857.058315
0.0,56,857.309484
0.0,101,857.809301
0.0,26,857.937571
0.0,28,858.078227
0.0,94,858.492757
0.0,70,858.80882
0.0,27,858.94183
0.0,30,859.090558
0.0,101,859.587899
0.0,24,859.704136
0.0,26,859.83013
0.0,101,860.312487
0.0,62,860.591853
0.0,101,861.077817
0.0,64,861.363101
0.0,67,861.668481
0.0,65,861.956532
0.0,101,862.402447
0.0,54,862.641443
0.0,26,862.766015
0.0,62,863.040273
0.0,29,864.169091
0.0,101,864.628628
0.0,28,864.771557
0.0,70,865.089285
0.0,27,865.220562
0.0,26,865.350999
0.0,101,865.790561
0.0,28,865.932204
0.0,26,866.061998
0.0,53,866.301515
0.0,101,866.79958
0.0,101,867.286856
0.0,101,867.743831
0.0,88,868.137532
0.0,28,868.274415
0.0,30,868.427375
0.0,101,868.875938
0.0,101,869.305329
0.0,29,869.451418
0.0,78,869.789731
0.0,101,870.298533
0.0,37,870.470904
0.0,64,870.753988
0.0,61,871.025985
0.0,29,871.165056
0.0,25,871.285641
0.0,101,871.730289
0.0,101,872.161773
0.0,101,872.645347
0.0,101,873.082804
0.0,101,873.535565
0.0,57,874.763486
0.0,28,874.900344
0.0,28,875.041881
0.0,84,875.423562
0.0,53,875.662516
0.0,27,875.793995
0.0,62,876.081251
0.0,98,876.510648
0.0,25,876.631731
0.0,101,877.056777
0.0,101,877.539263
0.0,64,877.819963
0.0,101,878.264809
0.0,59,878.538745
0.0,62,878.81542
0.0,101,879.297116
0.0,101,879.737465
0.0,28,879.873057
0.0,31,880.034301
0.0,65,880.325654
0.0,61,880.601524
0.0,29,880.746113
0.0,67,881.047686
0.0,26,881.176026
0.0,66,881.479265
0.0,79,881.822157
0.0,25,881.947129
0.0,30,882.098175
0.0,32,882.252087
0.0,60,882.519804
0.0,58,882.783522
0.0,28,882.922544
0.0,101,883.370154
0.0,29,883.516082
0.0,32,883.676853
0.0,63,884.940002
0.0,26,885.070647
0.0,27,885.205758
0.0,54,885.453855
0.0,25,885.575332
0.0,28,885.716657
0.0,25,885.842519
0.0,101,886.315779
0.0,101,886.779512
0.0,101,887.278918
0.0,62,887.564745
0.0,27,887.702296
0.0,101,888.14887
0.0,101,888.611983
0.0,28,888.753501
0.0,63,889.032987
0.0,30,889.183464
0.0,101,889.632421
0.0,26,889.763504
0.0,25,889.88777
0.0,64,890.177914
0.0,89,890.586461
0.0,61,890.867258
0.0,32,891.032432
0.0,64,891.319845
0.0,101,891.760344
0.0,101,892.21043
0.0,30,892.364687
0.0,28,892.507682
0.0,28,892.648507
0.0,91,893.05165
0.0,30,893.201859
0.0,96,893.628921
0.0,65,893.918363
0.0,24,894.036958
0.0,26,894.163664
0.0,101,895.641235
0.0,61,895.911318
0.0,59,896.179621
0.0,90,896.571377
0.0,63,896.859066
0.0,29,897.006056
0.0,29,897.153381
0.0,30,897.305958
0.0,25,897.431798
0.0,59,897.69524
0.0,29,897.841946
0.0,101,898.332583
0.0,29,898.484899
0.0,101,898.953266
0.0,26,899.080077
0.0,29,899.226593
0.0,26,899.356307
0.0,26,899.487113
0.0,101,899.932132
0.0,26,900.06069
0.0,63,900.345079
0.0,25,900.468394
0.0,27,900.605572
0.0,28,900.740605
0.0,101,901.193097
0.0,62,901.47494
0.0,29,901.617019
0.0,89,902.019342
0.0,27,902.151141
0.0,57,902.413625
0.0,24,902.533517
0.0,31,902.682874
0.0,32,902.838963
0.0,27,902.973289
0.0,30,903.121526
0.0,54,903.367079
0.0,29,903.508625
0.0,26,903.640007
0.0,25,903.763601
0.0,54,904.011518
0.0,101,904.519945
0.0,25,904.643209
0.0,63,904.922639
0.0,59,906.189055
0.0,28,906.331328
0.0,29,906.478616
0.0,26,906.604879
0.0,31,906.759372
0.0,60,907.032427
0.0,64,907.316883
0.0,30,907.46773
0.0,29,907.616229
0.0,63,907.913279
0.0,95,908.333049
0.0,27,908.466005
0.0,29,908.611813
0.0,28,908.752552
0.0,101,909.231831
0.0,30,909.379977
0.0,29,909.527783
0.0,29,909.67542
0.0,101,910.128264
0.0,25,910.25052
0.0,80,910.61499
0.0,26,910.740862
0.0,62,911.020036
0.0,101,911.513913
0.0,101,911.965507
0.0,29,912.104588
0.0,55,912.3563
0.0,101,912.811024
0.0,101,913.298153
0.0,101,913.745623
0.0,30,913.898315
0.0,25,914.023027
0.0,97,914.449098
0.0,101,914.895792
0.0,29,915.045453
0.0,101,915.51256
0.0,26,915.64345
0.0,67,916.919366
0.0,73,917.242504
0.0,27,917.372652
0.0,30,917.525871
0.0,26,917.653884
0.0,101,918.146194
0.0,26,918.271437
0.0,26,918.401038
0.0,31,918.55591
0.0,101,919.004183
0.0,101,919.450201
0.0,53,919.691273
0.0,31,919.846714
0.0,25,919.967319
0.0,24,920.086212
0.0,29,920.223552
0.0,31,920.382088
0.0,28,920.523217
0.0,51,920.752515
0.0,62,921.027893
0.0,59,921.289864
0.0,30,921.44395
0.0,28,921.585352
0.0,27,921.716068
0.0,89,922.111998
0.0,25,922.232646
0.0,35,922.398348
0.0,28,922.539612
0.0,27,922.671041
0.0,27,922.801193
0.0,34,922.963947
0.0,63,923.243773
0.0,26,923.373308
0.0,101,923.859917
0.0,26,923.987695
0.0,101,924.418452
0.0,27,924.550751
0.0,25,924.671725
0.0,92,925.081661
0.0,101,925.526694
0.0,62,925.802366
0.0,30,925.954101
0.0,29,926.094323
0.0,55,927.328899
0.0,30,927.48192
0.0,28,927.62138
0.0,28,927.760024
0.0,59,928.031944
0.0,63,928.313482
0.0,26,928.442376
0.0,28,928.581842
0.0,101,929.05533
0.0,29,929.192979
0.0,101,929.643056
0.0,29,929.784372
0.0,29,929.930882
0.0,28,930.07137
0.0,28,930.208922
0.0,27,930.339046
0.0,25,930.465399
0.0,29,930.6108
0.0,29,930.757177
0.0,101,931.260478
0.0,101,931.702105
0.0,101,932.15236
0.0,95,932.590688
0.0,61,932.862656
0.0,27,932.995727
0.0,42,933.195243
0.0,58,933.452291
0.0,59,933.725924
0.0,63,934.014988
0.0,30,934.164577
0.0,62,934.443702
0.0,66,934.74016
0.0,27,934.875363
0.0,65,935.166439
0.0,84,935.538693
0.0,27,935.66965
0.0,26,935.797603
0.0,101,936.234616
0.0,29,936.383512
0.0,27,936.520586
0.0,98,937.93558
0.0,101,938.388258
0.0,29,938.533512
0.0,24,938.651835
0.0,27,938.781856
0.0,101,939.26563
0.0,101,939.746627
0.0,27,939.878338
0.0,27,940.007238
0.0,28,940.14627
0.0,101,940.586706
0.0,28,940.726103
0.0,67,941.024074
0.0,77,941.363416
0.0,64,941.646668
0.0,35,941.814922
0.0,57,942.065908
0.0,28,942.204978
0.0,25,942.329674
0.0,101,942.77412
0.0,101,943.212992
0.0,87,943.590042
0.0,76,943.934003
0.0,27,944.066013
0.0,30,944.210457
0.0,57,944.463792
0.0,24,944.582063
0.0,32,944.743044
0.0,29,944.884487
0.0,79,945.247585
0.0,28,945.387317
0.0,64,945.667563
0.0,29,945.812884
0.0,31,945.969991
0.0,25,946.098022
0.0,101,946.559189
0.0,101,947.047412
0.0,26,948.158576
0.0,101,948.616474
0.0,101,949.066199
0.0,78,949.415534
0.0,70,949.723499
0.0,101,950.195629
0.0,29,950.342212
0.0,30,950.489593
0.0,29,950.639232
0.0,84,951.020073
0.0,30,951.169239
0.0,29,951.311379
0.0,99,951.742268
0.0,24,951.861835
0.0,101,952.310697
0.0,24,952.432869
0.0,29,952.581809
0.0,101,953.040915
0.0,101,953.490893
0.0,28,953.6283
0.0,59,953.90941
0.0,101,954.4038
0.0,30,954.555886
0.0,57,954.817726
0.0,83,955.196625
0.0,65,955.490767
0.0,29,955.63832
0.0,54,955.895561
0.0,89,956.304798
0.0,58,956.56167
0.0,62,956.839716
0.0,27,956.972518
0.0,31,957.124139
0.0,25,957.246238
0.0,56,957.506826
0.0,77,958.829313
0.0,30,958.973846
0.0,25,959.096727
0.0,30,959.24437
0.0,26,959.372216
0.0,45,959.580501
0.0,101,960.055224
0.0,25,960.178505
0.0,28,960.320089
0.0,101,960.75518
0.0,101,961.205814
0.0,56,961.464111
0.0,101,961.957723
0.0,63,962.241315
0.0,26,962.372689
0.0,101,962.793983
0.0,29,962.93768
0.0,101,963.42442
0.0,28,963.5595
0.0,69,963.88165
0.0,101,964.340072
0.0,101,964.828097
0.0,101,965.295995
0.0,101,965.796685
0.0,101,966.275536
0.0,74,966.609018
0.0,58,966.879244
0.0,29,967.026119
0.0,26,967.157348
0.0,101,967.611219
0.0,29,967.758422
0.0,32,967.921904
0.0,101,969.38138
0.0,26,969.509276
0.0,29,969.654202
0.0,26,969.782036
0.0,101,970.232028
0.0,57,970.490933
0.0,101,970.975777
0.0,26,971.106903
0.0,67,971.411667
0.0,101,971.87236
0.0,101,972.318753
0.0,101,972.811696
0.0,29,972.957839
0.0,32,973.113252
0.0,31,973.271477
0.0,27,973.411052
0.0,101,973.860321
0.0,30,974.012713
0.0,54,974.266912
0.0,88,974.683787
0.0,101,975.126408
0.0,101,975.561457
0.0,26,975.68908
0.0,29,975.833904
0.0,29,975.982774
0.0,101,976.437816
0.0,26,976.564018
0.0,60,976.842433
0.0,27,976.979864
0.0,90,977.384566
0.0,94,977.79475
0.0,32,977.949892
0.0,65,978.244572
0.0,38,978.426928
0.0,83,979.76328
0.0,101,980.22704
0.0,62,980.504553
0.0,101,980.956979
0.0,101,981.41322
0.0,28,981.553827
0.0,77,981.951426
0.0,25,982.074538
0.0,32,982.236435
0.0,25,982.359888
0.0,25,982.485765
0.0,56,982.745045
0.0,29,982.892519
0.0,71,983.213396
0.0,101,983.672089
0.0,92,984.08391
0.0,101,984.525408
0.0,29,984.671593
0.0,63,984.949095
0.0,78,985.306335
0.0,29,985.452688
0.0,73,985.780253
0.0,101,986.219705
0.0,30,986.371837
0.0,65,986.663402
0.0,26,986.791143
0.0,62,987.065089
0.0,101,987.495137
0.0,101,987.925608
0.0,28,988.06098
0.0,25,988.187901
0.0,29,988.336214
0.0,29,988.481282
0.0,26,988.607692
0.0,71,988.928576
0.0,64,990.197954
0.0,26,990.32455
0.0,25,990.448647
0.0,28,990.583148
0.0,28,990.724293
0.0,33,990.883757
0.0,26,991.015591
0.0,29,991.157869
0.0,29,991.302096
0.0,24,991.420789
0.0,29,991.567408
0.0,65,991.866575
0.0,26,991.99418
0.0,101,992.489555
0.0,25,992.614019
0.0,57,992.876131
0.0,73,993.191815
0.0,29,993.338807
0.0,31,993.48913
0.0,80,993.855942
0.0,26,993.980213
0.0,28,994.11805
0.0,101,994.547778
0.0,101,995.026989
0.0,101,995.49069
0.0,101,995.939941
0.0,27,996.073512
0.0,30,996.217862
0.0,37,996.396232
0.0,92,996.800199
0.0,62,997.073245
0.0,21,997.203444
0.0,25,997.32689
0.0,57,997.594978
0.0,101,998.036915
0.0,101,998.527509
0.0,101,998.991198
0.0,27,999.124913
0.0,88,999.516397
0.0,29,1000.648877
0.0,101,1001.082676
0.0,25,1001.206745
0.0,66,1001.507135
0.0,61,1001.775076
0.0,101,1002.247688
0.0,32,1002.404457
0.0,26,1002.531778
0.0,25,1002.655473
0.0,27,1002.782763
0.0,77,1003.118502
0.0,62,1003.393371
0.0,101,1003.841138
0.0,52,1004.072613
0.0,30,1004.225183
0.0,25,1004.346516
0.0,29,1004.49365
0.0,101,1004.970598
0.0,34,1005.136698
0.0,26,1005.264484
0.0,28,1005.408577
0.0,101,1005.898612
0.0,33,1006.056901
0.0,101,1006.539743
0.0,32,1006.693374
0.0,29,1006.840181
0.0,25,1006.964805
0.0,100,1007.417349
0.0,64,1007.70486
0.0,87,1008.10165
0.0,27,1008.231271
0.0,27,1008.361856
0.0,55,1008.60905
0.0,25,1008.734309
0.0,101,1009.173584
0.0,61,1009.448153
0.0,27,1009.578257
0.0,101,1010.053469
0.0,29,1011.178219
0.0,26,1011.303446
0.0,31,1011.456192
0.0,28,1011.598019
0.0,101,1012.085757
0.0,97,1012.50177
0.0,30,1012.651463
0.0,101,1013.11831
0.0,27,1013.250078
0.0,24,1013.368305
0.0,101,1013.848899
0.0,30,1013.997982
0.0,78,1014.342453
0.0,77,1014.683222
0.0,29,1014.823714
0.0,64,1015.111282
0.0,29,1015.259111
0.0,53,1015.505539
0.0,101,1015.988498
0.0,31,1016.146046
0.0,61,1016.420363
0.0,44,1016.631156
0.0,31,1016.781248
0.0,27,1016.911131
0.0,56,1017.17947
0.0,26,1017.308731
0.0,27,1017.44382
0.0,33,1017.616256
0.0,54,1017.877882
0.0,101,1018.3782
0.0,27,1018.509738
0.0,101,1018.953902
0.0,26,1019.082792
0.0,30,1019.231706
0.0,30,1019.385286
0.0,101,1019.833702
0.0,95,1020.264716
0.0,101,1020.69925
0.0,101,1022.112806
0.0,101,1022.569485
0.0,28,1022.712242
0.0,26,1022.839724
0.0,28,1022.979687
0.0,28,1023.11612
0.0,52,1023.346826
0.0,27,1023.482404
0.0,101,1023.921367
0.0,101,1024.387043
0.0,25,1024.509903
0.0,101,1024.999813
0.0,28,1025.1331
0.0,25,1025.256401
0.0,85,1025.651235
0.0,28,1025.789626
0.0,101,1026.268691
0.0,26,1026.398582
0.0,89,1026.79755
0.0,101,1027.225819
0.0,29,1027.373172
0.0,87,1027.754896
0.0,28,1027.895234
0.0,25,1028.016176
0.0,30,1028.167464
0.0,101,1028.610407
0.0,33,1028.769945
0.0,30,1028.918396
0.0,63,1029.194734
0.0,29,1029.339825
0.0,101,1029.762415
0.0,101,1030.210295
0.0,28,1030.349473
0.0,63,1030.638137
0.0,29,1030.782324
0.0,101,1032.207834
0.0,32,1032.372459
0.0,27,1032.502275
0.0,25,1032.627841
0.0,53,1032.877329
0.0,64,1033.16344
0.0,101,1033.593637
0.0,29,1033.740246
0.0,86,1034.126719
0.0,64,1034.414763
0.0,26,1034.540076
0.0,57,1034.797164
0.0,101,1035.278243
0.0,31,1035.435426
0.0,73,1035.763299
0.0,32,1035.91982
0.0,67,1036.21648
0.0,28,1036.350086
0.0,101,1036.813211
0.0,101,1037.256486
0.0,31,1037.402097
0.0,25,1037.525462
0.0,101,1037.954268
0.0,27,1038.086314
0.0,101,1038.526969
0.0,30,1038.668014
0.0,30,1038.819222
0.0,101,1039.285166
0.0,30,1039.441099
0.0,101,1039.885097
0.0,29,1040.023403
0.0,30,1040.178062
0.0,63,1040.488024
0.0,30,1040.632523
0.0,101,1041.137771
0.0,30,1041.283884
0.0,58,1041.551158
0.0,101,1042.971983
0.0,33,1043.134696
0.0,101,1043.568415
0.0,101,1044.022663
0.0,31,1044.17563
0.0,26,1044.302314
0.0,20,1044.421003
0.0,28,1044.554936
0.0,70,1044.877131
0.0,33,1045.035863
0.0,101,1045.473507
0.0,28,1045.608137
0.0,74,1045.941824
0.0,25,1046.065286
0.0,94,1046.507361
0.0,30,1046.653228
0.0,84,1047.027519
0.0,26,1047.157006
0.0,65,1047.450243
0.0,30,1047.593793
0.0,55,1047.837099
0.0,24,1047.954123
0.0,28,1048.090653
0.0,54,1048.335472
0.0,29,1048.485623
0.0,53,1048.72769
0.0,25,1048.851761
0.0,26,1048.980659
0.0,101,1049.410111
0.0,25,1049.535097
0.0,30,1049.683772
0.0,61,1049.964313
0.0,29,1050.104645
0.0,74,1050.434419
0.0,83,1050.815165
0.0,28,1050.952195
0.0,91,1051.337837
0.0,101,1051.821447
0.0,33,1051.977069
0.0,101,1053.405555
0.0,26,1053.532079
0.0,101,1054.023318
0.0,101,1054.488252
0.0,27,1054.619077
0.0,55,1054.866952
0.0,30,1055.015133
0.0,30,1055.16662
0.0,30,1055.310129
0.0,29,1055.451445
0.0,25,1055.572636
0.0,101,1056.056512
0.0,28,1056.190887
0.0,101,1056.642838
0.0,26,1056.76952
0.0,28,1056.904076
0.0,31,1057.053454
0.0,101,1057.509399
0.0,101,1057.962214
0.0,101,1058.404263
0.0,101,1058.887136
0.0,29,1059.023769
0.0,26,1059.151526
0.0,28,1059.288567
0.0,30,1059.439003
0.0,101,1059.96078
0.0,101,1060.402584
0.0,79,1060.749789
0.0,27,1060.880149
0.0,29,1061.027328
0.0,101,1061.521902
0.0,34,1061.686086
0.0,63,1061.971826
0.0,101,1062.4039
0.0,64,1063.6689
0.0,27,1063.801174
0.0,26,1063.929675
0.0,28,1064.064838
0.0,45,1064.27156
0.0,101,1064.769348
0.0,101,1065.253427
0.0,79,1065.606733
0.0,29,1065.74753
0.0,29,1065.887418
0.0,101,1066.330271
0.0,29,1066.481231
0.0,30,1066.624242
0.0,28,1066.75924
0.0,51,1066.998667
0.0,101,1067.512542
0.0,101,1067.952189
0.0,101,1068.417878
0.0,101,1068.927625
0.0,101,1069.409593
0.0,31,1069.56505
0.0,78,1069.925951
0.0,31,1070.071614
0.0,101,1070.562682
0.0,31,1070.717273
0.0,65,1071.008425
0.0,25,1071.133557
0.0,101,1071.637835
0.0,58,1071.909214
0.0,98,1072.355543
0.0,56,1072.612213
0.0,55,1072.870677
0.0,24,1072.990479
0.0,29,1073.137159
0.0,24,1074.234706
0.0,101,1074.72038
0.0,29,1074.86749
0.0,101,1075.3127
0.0,64,1075.600254
0.0,26,1075.726419
0.0,59,1075.98642
0.0,87,1076.383719
0.0,63,1076.660291
0.0,29,1076.800059
0.0,26,1076.926327
0.0,26,1077.050653
0.0,26,1077.179188
0.0,53,1077.426266
0.0,101,1077.908079
0.0,31,1078.063678
0.0,101,1078.547718
0.0,101,1079.00947
0.0,29,1079.154294
0.0,81,1079.522437
0.0,30,1079.672995
0.0,32,1079.83552
0.0,101,1080.244682
0.0,31,1080.404122
0.0,56,1080.663955
0.0,101,1081.162888
0.0,30,1081.308203
0.0,101,1081.754539
0.0,101,1082.226246
0.0,101,1082.710802
0.0,25,1082.83441
0.0,28,1082.975389
0.0,101,1083.457248
0.0,68,1083.777769
0.0,56,1085.009921
0.0,99,1085.434577
0.0,28,1085.571478
0.0,101,1086.009426
0.0,101,1086.482978
0.0,101,1086.993876
0.0,63,1087.27672
0.0,101,1087.76498
0.0,27,1087.900501
0.0,31,1088.056096
0.0,101,1088.50803
0.0,28,1088.647738
0.0,101,1089.084665
0.0,65,1089.376118
0.0,44,1089.583227
0.0,29,1089.729983
0.0,33,1089.88488
0.0,26,1090.011787
0.0,25,1090.133104
0.0,101,1090.612207
0.0,101,1091.110192
0.0,61,1091.392238
0.0,31,1091.546855
0.0,36,1091.721179
0.0,29,1091.869652
0.0,101,1092.31509
0.0,28,1092.457095
0.0,31,1092.614335
0.0,24,1092.732784
0.0,101,1093.182249
0.0,101,1093.678826
0.0,101,1094.11741
0.0,101,1095.526095
0.0,54,1095.769319
-1.0,96,1096.184631
0.0,26,1096.314256
0.0,101,1096.765198
0.0,55,1097.01317
0.0,101,1097.456072
0.0,101,1097.878498
0.0,83,1098.237267
0.0,60,1098.513924
0.0,29,1098.651824
0.0,86,1099.024047
0.0,65,1099.317718
0.0,98,1099.759583
0.0,29,1099.90672
0.0,101,1100.370717
0.0,101,1100.848106
0.0,29,1100.995185
0.0,26,1101.122664
0.0,29,1101.268431
0.0,29,1101.40793
0.0,29,1101.552875
0.0,25,1101.676913
0.0,57,1101.936672
0.0,101,1102.402627
0.0,101,1102.813255
0.0,101,1103.311428
0.0,59,1103.577675
0.0,25,1103.700657
0.0,101,1104.142873
0.0,29,1104.293482
0.0,30,1104.447085
0.0,67,1105.719039
0.0,29,1105.858372
0.0,38,1106.034187
0.0,31,1106.191456
0.0,66,1106.487194
0.0,29,1106.631228
0.0,63,1106.911828
0.0,53,1107.159982
0.0,26,1107.28791
0.0,67,1107.599751
0.0,27,1107.729169
0.0,27,1107.86157
0.0,75,1108.189769
0.0,35,1108.358199
0.0,31,1108.509153
0.0,25,1108.633845
0.0,29,1108.777252
0.0,27,1108.911038
0.0,31,1109.063495
0.0,100,1109.51103
0.0,29,1109.656052
0.0,27,1109.787387
0.0,90,1110.193904
0.0,31,1110.344637
0.0,30,1110.495997
0.0,66,1110.798869
0.0,101,1111.242732
0.0,29,1111.391063
0.0,101,1111.872975
0.0,30,1112.025181
0.0,63,1112.311836
0.0,99,1112.818231
0.0,25,1112.939549
0.0,26,1113.065445
0.0,31,1113.220032
0.0,30,1113.363267
0.0,101,1113.794095
0.0,31,1113.943239
0.0,30,1114.095278
0.0,29,1114.244522
0.0,61,1114.514333
0.0,101,1115.001759
0.0,30,1115.150721
0.0,80,1116.494986
0.0,29,1116.641034
0.0,101,1117.11716
0.0,29,1117.265364
0.0,27,1117.398223
0.0,101,1117.900098
0.0,26,1118.029647
0.0,59,1118.304116
0.0,29,1118.445929
0.0,101,1118.859696
0.0,27,1118.99332
0.0,101,1119.435948
0.0,101,1119.882604
0.0,29,1120.027674
0.0,101,1120.538218
0.0,94,1120.957114
0.0,101,1121.393489
0.0,101,1121.824355
0.0,28,1121.963452
0.0,26,1122.092572
0.0,26,1122.220268
0.0,101,1122.658469
0.0,25,1122.782204
0.0,101,1123.235356
0.0,101,1123.703894
0.0,101,1124.134115
0.0,101,1124.646646
0.0,101,1125.097658
0.0,101,1125.537242
0.0,26,1126.661577
0.0,26,1126.79036
0.0,87,1127.177392
0.0,29,1127.323601
0.0,29,1127.473588
0.0,101,1127.925195
0.0,69,1128.23657
0.0,101,1128.714932
0.0,67,1129.018058
0.0,72,1129.339051
0.0,101,1129.812305
0.0,55,1130.052697
0.0,101,1130.567809
0.0,101,1131.052114
0.0,59,1131.320033
0.0,29,1131.47061
0.0,101,1131.909991
0.0,101,1132.329479
0.0,101,1132.829157
0.0,63,1133.108517
0.0,101,1133.619935
0.0,32,1133.775781
0.0,25,1133.899627
0.0,31,1134.059368
0.0,101,1134.504346
0.0,101,1135.004635
0.0,101,1135.460458
0.0,28,1135.595995
0.0,66,1135.893452
0.0,101,1137.37259
0.0,28,1137.518211
0.0,60,1137.799887
0.0,64,1138.095949
0.0,101,1138.553366
0.0,29,1138.702121
0.0,101,1139.167121
0.0,101,1139.622797
0.0,41,1139.838316
0.0,75,1140.17528
0.0,28,1140.319114
0.0,101,1140.769091
0.0,101,1141.251632
0.0,27,1141.388963
0.0,24,1141.510221
0.0,101,1141.976255
0.0,34,1142.139312
0.0,101,1142.653379
0.0,78,1143.008875
0.0,33,1143.16718
0.0,58,1143.431617
0.0,76,1143.774181
0.0,101,1144.246121
0.0,101,1144.732481
0.0,63,1145.01332
0.0,101,1145.492748
0.0,101,1145.943213
0.0,26,1146.072096
0.0,69,1146.386427
0.0,62,1146.666301
0.0,101,1148.150673
0.0,101,1148.696166
0.0,32,1148.851728
0.0,61,1149.118718
0.0,101,1149.575573
0.0,58,1149.838734
0.0,101,1150.332503
0.0,101,1150.779926
0.0,101,1151.229648
0.0,51,1151.46719
0.0,101,1151.944501
0.0,25,1152.067744
0.0,58,1152.339522
0.0,88,1152.723835
0.0,101,1153.219448
0.0,29,1153.359853
0.0,54,1153.6081
0.0,25,1153.734974
0.0,101,1154.212325
0.0,101,1154.639043
0.0,29,1154.781695
0.0,89,1155.179187
0.0,29,1155.317431
0.0,34,1155.483107
0.0,91,1155.867085
0.0,55,1156.112635
0.0,90,1156.520828
0.0,27,1156.659715
0.0,30,1156.813186
0.0,25,1156.937982
0.0,28,1157.073546
0.0,79,1158.434861
0.0,26,1158.563821
0.0,25,1158.687929
0.0,70,1159.008721
0.0,101,1159.529161
0.0,63,1159.812837
0.0,101,1160.283175
0.0,101,1160.770303
0.0,70,1161.087112
0.0,57,1161.345235
0.0,101,1161.85026
0.0,101,1162.270221
0.0,101,1162.764356
0.0,62,1163.047772
0.0,101,1163.474917
0.0,26,1163.60155
0.0,101,1164.075125
0.0,101,1164.531
0.0,92,1164.930467
0.0,25,1165.055554
0.0,89,1165.442206
0.0,101,1165.880262
0.0,26,1166.011315
0.0,101,1166.525273
0.0,29,1166.666936
0.0,101,1167.158797
0.0,101,1167.598297
0.0,75,1168.949794
0.0,59,1169.223482
0.0,99,1169.652165
0.0,72,1169.976305
0.0,44,1170.18608
0.0,101,1170.645541
0.0,101,1171.122045
0.0,24,1171.243607
0.0,57,1171.504622
0.0,50,1171.737928
0.0,29,1171.887159
0.0,59,1172.153622
0.0,101,1172.636002
0.0,101,1173.071857
0.0,27,1173.2054
0.0,76,1173.551728
0.0,29,1173.697958
0.0,27,1173.832872
0.0,29,1173.972394
0.0,27,1174.105674
0.0,62,1174.388492
0.0,28,1174.528533
0.0,101,1175.025191
0.0,101,1175.546484
0.0,63,1175.839546
0.0,101,1176.316439
0.0,101,1176.767829
0.0,57,1177.025108
0.0,29,1177.172883
0.0,65,1177.468415
0.0,27,1177.60283
0.0,59,1177.869725
0.0,31,1178.029286
0.0,101,1179.462251
0.0,67,1179.766849
0.0,28,1179.909862
0.0,69,1180.231932
0.0,29,1180.380711
0.0,101,1180.859638
0.0,27,1180.993809
0.0,20,1181.115753
0.0,101,1181.599898
0.0,63,1181.88979
0.0,49,1182.11755
0.0,49,1182.347891
0.0,61,1182.624041
0.0,101,1183.109863
0.0,101,1183.569751
0.0,101,1184.069369
0.0,26,1184.195748
0.0,30,1184.347573
0.0,101,1184.847899
0.0,32,1185.009731
0.0,101,1185.434672
0.0,101,1185.924794
0.0,62,1186.21116
0.0,27,1186.344077
0.0,46,1186.578177
0.0,31,1186.729724
0.0,74,1187.068032
0.0,101,1187.574164
0.0,30,1187.726824
0.0,101,1188.219008
0.0,27,1188.356338
0.0,101,1188.849426
0.0,66,1189.151336
0.0,33,1190.31138
0.0,89,1190.736293
0.0,26,1190.863702
0.0,30,1191.016302
0.0,101,1191.467134
0.0,61,1191.757822
0.0,52,1192.005515
0.0,101,1192.47405
0.0,29,1192.613106
0.0,101,1193.054191
0.0,55,1193.302749
0.0,101,1193.750651
0.0,15,1193.841418
0.0,28,1193.97787
0.0,101,1194.404884
0.0,101,1194.872776
0.0,26,1194.999708
0.0,23,1195.133459
0.0,82,1195.506311
0.0,34,1195.66907
0.0,65,1195.972444
0.0,32,1196.12884
0.0,26,1196.262431
0.0,63,1196.553278
0.0,30,1196.705952
0.0,101,1197.205779
0.0,101,1197.653207
0.0,101,1198.110513
0.0,73,1198.445158
0.0,35,1198.617492
0.0,101,1199.102872
0.0,101,1199.581815
0.0,46,1200.800051
0.0,64,1201.096515
0.0,75,1201.44417
0.0,101,1201.870088
0.0,101,1202.373544
0.0,74,1202.724023
0.0,69,1203.054072
0.0,101,1203.543247
0.0,63,1203.829677
0.0,101,1204.32943
0.0,28,1204.466475
0.0,101,1204.911717
0.0,101,1205.370547
0.0,21,1205.48595
0.0,101,1206.023572
0.0,31,1206.178268
0.0,101,1206.61998
0.0,101,1207.102731
0.0,101,1207.538527
0.0,30,1207.684638
0.0,101,1208.12852
0.0,101,1208.643343
0.0,101,1209.082666
0.0,97,1209.535393
0.0,101,1209.958929
0.0,31,1210.107632
0.0,30,1210.26106
0.0,28,1211.392179
0.0,98,1211.826338
0.0,86,1212.214197
0.0,52,1212.451681
0.0,101,1212.923498
0.0,101,1213.401614
0.0,58,1213.664766
0.0,101,1214.110883
0.0,44,1214.326329
0.0,60,1214.605722
0.0,101,1215.038112
0.0,101,1215.468194
0.0,63,1215.75915
0.0,26,1215.889764
0.0,66,1216.193459
0.0,101,1216.670922
0.0,101,1217.12781
0.0,32,1217.293214
0.0,28,1217.431894
0.0,101,1217.872228
0.0,26,1218.003721
0.0,25,1218.128694
0.0,34,1218.295587
0.0,101,1218.740417
0.0,26,1218.870966
0.0,27,1219.002243
0.0,37,1219.179209
0.0,25,1219.30409
0.0,31,1219.45626
0.0,101,1219.938855
0.0,101,1220.437325
0.0,101,1221.873138
0.0,33,1222.038632
0.0,75,1222.378742
0.0,101,1222.823269
0.0,101,1223.26242
0.0,35,1223.433715
0.0,63,1223.719378
0.0,26,1223.847254
0.0,28,1223.990302
0.0,53,1224.234902
0.0,101,1224.67048
0.0,58,1224.942974
0.0,21,1225.065667
0.0,101,1225.548097
0.0,81,1225.919667
0.0,30,1226.063501
0.0,82,1226.437951
0.0,64,1226.732652
0.0,101,1227.193041
0.0,101,1227.62613
0.0,72,1227.952356
0.0,101,1228.387189
0.0,55,1228.641626
0.0,35,1228.808661
0.0,101,1229.253841
0.0,101,1229.713271
0.0,101,1230.135086
0.0,57,1230.398896
0.0,101,1230.838567
0.0,61,1232.124209
0.0,101,1232.576953
0.0,101,1233.070342
0.0,29,1233.21869
0.0,84,1233.604555
0.0,101,1234.080937
0.0,101,1234.507688
0.0,101,1234.962513
0.0,101,1235.438255
0.0,88,1235.848908
0.0,26,1235.978673
0.0,101,1236.424464
0.0,101,1236.893086
0.0,53,1237.136978
0.0,101,1237.586578
0.0,70,1237.90478
0.0,27,1238.035334
0.0,101,1238.539349
0.0,71,1238.865651
0.0,101,1239.313535
0.0,54,1239.560447
0.0,101,1239.994369
0.0,101,1240.484727
0.0,101,1240.941822
0.0,101,1241.429791
0.0,101,1242.904786
0.0,73,1243.266636
0.0,33,1243.428642
0.0,101,1243.851852
0.0,55,1244.098524
0.0,30,1244.249397
0.0,101,1244.758576
0.0,101,1245.239086
0.0,26,1245.369762
0.0,34,1245.533101
0.0,101,1245.969884
0.0,33,1246.125516
0.0,101,1246.558573
0.0,29,1246.705219
0.0,101,1247.147894
0.0,51,1247.382639
0.0,101,1247.828764
0.0,25,1247.954168
0.0,101,1248.481264
0.0,26,1248.608229
0.0,101,1249.110801
0.0,16,1249.203564
0.0,28,1249.340724
0.0,101,1249.805853
-1.0,91,1250.212837
0.0,65,1250.504017
0.0,28,1250.639901
0.0,53,1250.88538
0.0,101,1251.315559
0.0,80,1251.688177
0.0,101,1253.109685
0.0,101,1253.555076
0.0,101,1254.048029
0.0,70,1254.365558
0.0,64,1254.668447
0.0,66,1254.960752
0.0,53,1255.218458
0.0,65,1255.572012
0.0,91,1255.96489
0.0,101,1256.453006
0.0,101,1256.94127
0.0,101,1257.416907
0.0,26,1257.547392
0.0,33,1257.711179
0.0,50,1257.955204
0.0,26,1258.085123
0.0,101,1258.606248
0.0,26,1258.736999
0.0,101,1259.232096
0.0,28,1259.371638
0.0,93,1259.837745
0.0,101,1260.288186
0.0,83,1260.659759
0.0,60,1260.938709
0.0,30,1261.091243
0.0,101,1261.589814
0.0,59,1261.863106
0.0,101,1262.36769
0.0,29,1262.517121
0.0,101,1263.958733
0.0,29,1264.10646
0.0,59,1264.384479
0.0,27,1264.518641
0.0,29,1264.662546
0.0,101,1265.133606
0.0,26,1265.259831
0.0,101,1265.754152
-1.0,97,1266.199403
0.0,25,1266.325189
0.0,34,1266.488263
0.0,64,1266.781176
0.0,26,1266.925625
0.0,101,1267.359835
0.0,54,1267.616362
0.0,101,1268.0673
0.0,64,1268.374054
0.0,101,1268.891621
0.0,27,1269.026435
0.0,101,1269.47459
0.0,63,1269.757954
0.0,25,1269.884227
0.0,31,1270.042914
0.0,101,1270.473411
0.0,101,1270.900545
0.0,101,1271.389931
0.0,65,1271.678729
0.0,101,1272.18118
0.0,52,1272.427204
0.0,101,1272.944985
0.0,101,1274.374432
0.0,51,1274.617039
0.0,101,1275.113854
0.0,101,1275.565172
0.0,28,1275.705699
0.0,101,1276.135717
0.0,31,1276.284475
0.0,101,1276.744293
0.0,59,1277.040091
0.0,26,1277.170725
0.0,27,1277.303992
0.0,101,1277.791183
0.0,71,1278.116946
0.0,30,1278.267194
0.0,101,1278.715895
0.0,101,1279.209022
0.0,57,1279.467302
0.0,26,1279.596089
0.0,29,1279.743775
0.0,64,1280.036069
0.0,53,1280.283991
0.0,101,1280.776512
0.0,101,1281.219795
0.0,65,1281.519125
0.0,101,1282.032995
0.0,27,1282.172562
0.0,101,1282.589066
0.0,28,1282.72423
0.0,101,1283.153144
0.0,67,1283.46866
0.0,101,1284.915694
0.0,101,1285.396649
0.0,101,1285.88478
0.0,30,1286.04131
0.0,25,1286.167356
0.0,79,1286.521419
0.0,101,1287.002977
0.0,28,1287.144576
0.0,101,1287.584794
0.0,28,1287.720748
0.0,101,1288.158727
0.0,64,1288.448532
0.0,101,1288.935579
0.0,101,1289.426086
0.0,25,1289.550943
0.0,58,1289.818727
0.0,30,1289.963424
0.0,65,1290.262205
0.0,32,1290.421765
0.0,31,1290.584578
0.0,101,1291.029047
0.0,30,1291.17962
0.0,26,1291.307848
0.0,78,1291.660864
0.0,101,1292.114301
0.0,101,1292.569784
0.0,75,1292.930002
0.0,29,1293.079459
0.0,54,1293.335037
0.0,101,1293.799493
0.0,101,1294.247594
0.0,25,1294.372305
0.0,58,1295.626424
0.0,63,1295.911354
0.0,59,1296.174202
0.0,29,1296.31695
0.0,101,1296.762005
0.0,18,1296.864479
0.0,72,1297.1893
0.0,27,1297.320686
0.0,101,1297.742738
0.0,101,1298.221192
0.0,46,1298.446394
0.0,62,1298.727858
0.0,101,1299.198499
0.0,24,1299.318307
0.0,59,1299.585278
0.0,101,1300.053216
0.0,101,1300.495696
0.0,28,1300.63746
0.0,62,1300.930254
0.0,27,1301.065006
0.0,26,1301.194347
0.0,30,1301.345619
0.0,62,1301.626571
0.0,25,1301.751015
0.0,81,1302.107562
0.0,101,1302.565845
0.0,64,1302.849969
0.0,101,1303.278972
0.0,101,1303.710356
0.0,25,1303.834849
0.0,101,1304.253211
0.0,61,1304.532889
0.0,28,1304.677164
0.0,29,1305.82765
0.0,101,1306.307755
0.0,101,1306.727013
0.0,60,1306.994732
0.0,59,1307.268632
0.0,101,1307.708132
0.0,101,1308.132733
0.0,70,1308.444018
0.0,101,1308.957906
0.0,101,1309.402703
0.0,63,1309.683523
0.0,32,1309.848957
0.0,60,1310.11532
0.0,32,1310.270007
-1.0,100,1310.729284
0.0,27,1310.862783
0.0,101,1311.356286
0.0,101,1311.831114
0.0,32,1311.987166
0.0,30,1312.129935
0.0,85,1312.501349
0.0,30,1312.648045
0.0,101,1313.120772
0.0,30,1313.274019
0.0,27,1313.410204
0.0,101,1313.906264
0.0,70,1314.226521
0.0,101,1314.67148
0.0,101,1315.112648
0.0,77,1316.444571
0.0,25,1316.57022
0.0,58,1316.831138
0.0,13,1316.914945
0.0,63,1317.207899
0.0,101,1317.702973
0.0,101,1318.187924
0.0,101,1318.709231
0.0,31,1318.867766
0.0,64,1319.153186
0.0,28,1319.293775
0.0,26,1319.423496
0.0,64,1319.70934
0.0,27,1319.843679
0.0,64,1320.138114
0.0,101,1320.582554
0.0,34,1320.742708
0.0,101,1321.163821
0.0,58,1321.425365
0.0,101,1321.870751
0.0,101,1322.301007
0.0,66,1322.609555
0.0,64,1322.895391
0.0,61,1323.171924
0.0,28,1323.312777
0.0,60,1323.589164
0.0,29,1323.73058
0.0,66,1324.023082
0.0,31,1324.173872
0.0,56,1324.432563
0.0,65,1324.721775
0.0,29,1324.871302
0.0,24,1324.992146
0.0,59,1325.257216
0.0,75,1325.601322
0.0,101,1327.037308
0.0,62,1327.313821
0.0,28,1327.459216
0.0,61,1327.753179
0.0,29,1327.902757
0.0,54,1328.152965
0.0,101,1328.62694
0.0,101,1329.060898
0.0,75,1329.400363
0.0,26,1329.531941
0.0,79,1329.874462
0.0,101,1330.347515
0.0,33,1330.511457
0.0,69,1330.826205
0.0,24,1330.94529
0.0,101,1331.41097
0.0,101,1331.852348
0.0,77,1332.19851
0.0,25,1332.32338
0.0,101,1332.758528
0.0,87,1333.150983
0.0,101,1333.610498
0.0,56,1333.865941
0.0,101,1334.33585
0.0,30,1334.49042
0.0,101,1334.924389
0.0,101,1335.34288
0.0,101,1335.758083
0.0,78,1337.086956
0.0,79,1337.437883
0.0,66,1337.732454
0.0,101,1338.189219
0.0,28,1338.329715
0.0,86,1338.704819
0.0,101,1339.169608
0.0,27,1339.301481
0.0,55,1339.564646
0.0,26,1339.69118
0.0,101,1340.168201
0.0,58,1340.439151
0.0,26,1340.567077
0.0,34,1340.726338
0.0,52,1340.964752
0.0,31,1341.115644
0.0,52,1341.354238
0.0,63,1341.637171
0.0,101,1342.060865
0.0,27,1342.191682
0.0,101,1342.674042
0.0,24,1342.792056
0.0,30,1342.93721
0.0,88,1343.33031
0.0,69,1343.637723
0.0,25,1343.762064
0.0,97,1344.172214
0.0,101,1344.644088
0.0,59,1344.91322
0.0,97,1345.328463
0.0,83,1345.695164
0.0,101,1346.131092
0.0,51,1347.344344
0.0,101,1347.792729
0.0,101,1348.228616
0.0,101,1348.686854
0.0,83,1349.069521
0.0,27,1349.203407
0.0,67,1349.500677
0.0,53,1349.738013
0.0,54,1349.984176
0.0,101,1350.487374
0.0,61,1350.757048
0.0,85,1351.131115
0.0,52,1351.368912
0.0,101,1351.842426
0.0,68,1352.148554
0.0,101,1352.63656
0.0,36,1352.816962
0.0,20,1352.935279
0.0,61,1353.208936
0.0,101,1353.690585
0.0,101,1354.17977
0.0,88,1354.576406
0.0,63,1354.891623
0.0,101,1355.33114
0.0,101,1355.779364
0.0,101,1356.218438
0.0,58,1356.488449
0.0,65,1357.764909
0.0,57,1358.02708
0.0,84,1358.40784
0.0,27,1358.542156
0.0,30,1358.68437
0.0,60,1358.963221
0.0,63,1359.242845
0.0,64,1359.534888
0.0,101,1359.959688
0.0,101,1360.376543
0.0,101,1360.829484
0.0,27,1360.96178
0.0,88,1361.360261
0.0,60,1361.634367
0.0,101,1362.050315
0.0,101,1362.523807
0.0,60,1362.78651
0.0,101,1363.225211
0.0,100,1363.639964
0.0,101,1364.123571
0.0,53,1364.376428
0.0,101,1364.816079
0.0,27,1364.944702
0.0,66,1365.232159
0.0,101,1365.664815
0.0,35,1365.828331
0.0,67,1366.130624
0.0,101,1366.620445
0.0,28,1366.761209
0.0,101,1368.182946
0.0,93,1368.597052
0.0,61,1368.86609
0.0,101,1369.307477
0.0,101,1369.727569
0.0,101,1370.163418
0.0,26,1370.291445
0.0,29,1370.441468
0.0,101,1370.902992
0.0,101,1371.400506
0.0,29,1371.540751
0.0,61,1371.813856
0.0,101,1372.269124
0.0,26,1372.39706
0.0,84,1372.768896
0.0,101,1373.25194
0.0,28,1373.393647
0.0,101,1373.826409
0.0,15,1373.918509
0.0,64,1374.21343
0.0,101,1374.650593
0.0,101,1375.09785
0.0,31,1375.252949
0.0,64,1375.549548
0.0,101,1375.969039
0.0,57,1376.222754
0.0,67,1376.52608
0.0,61,1376.801568
0.0,101,1378.243848
0.0,101,1378.687564
0.0,25,1378.811182
0.0,31,1378.962105
0.0,101,1379.437378
0.0,50,1379.673081
0.0,29,1379.826342
0.0,76,1380.167193
0.0,58,1380.429597
0.0,78,1380.771534
0.0,64,1381.057032
0.0,101,1381.540552
0.0,101,1381.97942
0.0,101,1382.408849
0.0,101,1382.891972
0.0,101,1383.346551
0.0,101,1383.828654
0.0,61,1384.109136
0.0,101,1384.598176
0.0,54,1384.840658
0.0,24,1384.961635
0.0,66,1385.26728
0.0,67,1385.569991
0.0,63,1385.848177
0.0,101,1386.275357
0.0,75,1386.616254
0.0,28,1386.751909
0.0,101,1387.220816
0.0,101,1388.644205
0.0,77,1388.983682
0.0,101,1389.409793
0.0,42,1389.615123
0.0,101,1390.045799
0.0,101,1390.477596
0.0,37,1390.653821
0.0,27,1390.784847
0.0,101,1391.215472
0.0,101,1391.647688
0.0,50,1391.877997
0.0,54,1392.121785
0.0,101,1392.580522
0.0,101,1393.011875
0.0,100,1393.464284
0.0,101,1393.954748
0.0,78,1394.324915
0.0,101,1394.750778
0.0,50,1394.982426
0.0,28,1395.121563
0.0,101,1395.626414
0.0,101,1396.108162
0.0,27,1396.237636
0.0,100,1396.657459
0.0,101,1397.075823
0.0,101,1398.495382
0.0,28,1398.630628
0.0,101,1399.045687
0.0,27,1399.175936
0.0,101,1399.674811
0.0,26,1399.804053
0.0,101,1400.260082
0.0,101,1400.729412
0.0,87,1401.164182
0.0,29,1401.308936
0.0,60,1401.584425
0.0,29,1401.729348
0.0,101,1402.202599
0.0,30,1402.35346
0.0,101,1402.791968
0.0,101,1403.258239
0.0,57,1403.524711
0.0,54,1403.776957
0.0,101,1404.265449
0.0,27,1404.409296
0.0,101,1404.875335
0.0,101,1405.296928
0.0,101,1405.784341
0.0,101,1406.282948
0.0,62,1406.565472
0.0,63,1406.84491
0.0,101,1407.268133
0.0,101,1407.760133
0.0,101,1409.229763
0.0,101,1409.658156
0.0,101,1410.13392
0.0,101,1410.581709
0.0,55,1410.829017
0.0,101,1411.263095
0.0,101,1411.723126
0.0,101,1412.200908
0.0,101,1412.658384
0.0,101,1413.095109
0.0,101,1413.578721
0.0,101,1414.007916
0.0,54,1414.254007
0.0,93,1414.660723
0.0,101,1415.161946
0.0,37,1415.336229
0.0,27,1415.47079
0.0,26,1415.598341
0.0,101,1416.10061
0.0,28,1416.242191
0.0,101,1416.669191
0.0,25,1416.791995
0.0,101,1417.258803
0.0,28,1417.401613
0.0,65,1417.706875
0.0,101,1418.13082
0.0,62,1419.407097
0.0,30,1419.564652
0.0,101,1420.0169
0.0,101,1420.4969
0.0,101,1420.926831
0.0,101,1421.359779
0.0,67,1421.657472
0.0,31,1421.815709
0.0,101,1422.253325
0.0,59,1422.531275
0.0,101,1423.007681
0.0,101,1423.489584
0.0,29,1423.635845
0.0,56,1423.886254
0.0,26,1424.015052
0.0,80,1424.366984
0.0,50,1424.607971
0.0,61,1424.878275
0.0,101,1425.323806
0.0,101,1425.775749
0.0,101,1426.216117
0.0,43,1426.413347
0.0,82,1426.775956
0.0,101,1427.225584
0.0,25,1427.350078
0.0,61,1427.628405
0.0,90,1428.023908
0.0,101,1428.470911
0.0,63,1429.746975
0.0,101,1430.223646
0.0,87,1430.610095
0.0,63,1430.897033
0.0,101,1431.336195
0.0,101,1431.828329
0.0,29,1431.973382
0.0,25,1432.096544
0.0,101,1432.536603
0.0,84,1432.918895
0.0,20,1433.026366
0.0,53,1433.27762
0.0,32,1433.437731
0.0,79,1433.783001
0.0,101,1434.232169
0.0,58,1434.493594
0.0,101,1434.929026
0.0,58,1435.199978
0.0,63,1435.487638
0.0,101,1435.921632
0.0,68,1436.234004
0.0,98,1436.653755
0.0,101,1437.137971
0.0,57,1437.401498
0.0,27,1437.535031
0.0,101,1438.035267
0.0,101,1438.498777
0.0,63,1438.782937
0.0,101,1440.220729
0.0,25,1440.343523
0.0,101,1440.819518
0.0,29,1440.967145
0.0,101,1441.414191
0.0,78,1441.765197
0.0,28,1441.90649
0.0,101,1442.35711
0.0,101,1442.786743
0.0,101,1443.270285
0.0,31,1443.427622
0.0,101,1443.847517
0.0,101,1444.275434
0.0,28,1444.412096
0.0,59,1444.676328
0.0,101,1445.08961
0.0,101,1445.544768
0.0,61,1445.82296
0.0,29,1445.968226
0.0,25,1446.090969
0.0,49,1446.319806
0.0,101,1446.75424
0.0,27,1446.887102
0.0,101,1447.299444
0.0,101,1447.769611
0.0,101,1448.197341
0.0,101,1448.687967
0.0,52,1448.929934
0.0,27,1449.062416
0.0,47,1450.266983
0.0,73,1450.627862
0.0,101,1451.057269
0.0,73,1451.369542
0.0,101,1451.813367
0.0,101,1452.234974
0.0,87,1452.642946
0.0,57,1452.906613
0.0,63,1453.184214
0.0,67,1453.481472
0.0,49,1453.705311
0.0,56,1453.966538
0.0,28,1454.10368
0.0,76,1454.44583
0.0,51,1454.681798
0.0,27,1454.812294
0.0,101,1455.262766
0.0,25,1455.385569
0.0,50,1455.617454
0.0,72,1455.959007
0.0,101,1456.438301
0.0,101,1456.874819
0.0,65,1457.166362
0.0,101,1457.650602
0.0,64,1457.94062
0.0,101,1458.372168
0.0,26,1458.503583
0.0,101,1458.945143
0.0,31,1459.094118
0.0,101,1460.506254
0.0,26,1460.633093
0.0,27,1460.766128
0.0,64,1461.053154
0.0,60,1461.321019
0.0,31,1461.468565
0.0,95,1461.877999
0.0,84,1462.252453
0.0,26,1462.3829
0.0,56,1462.633197
0.0,101,1463.077356
0.0,27,1463.210534
0.0,28,1463.35449
0.0,62,1463.629988
0.0,100,1464.129718
0.0,58,1464.389184
0.0,101,1464.827897
0.0,56,1465.092704
0.0,101,1465.563616
0.0,14,1465.651482
0.0,101,1466.071309
0.0,101,1466.48534
0.0,101,1466.982956
0.0,101,1467.403512
0.0,101,1467.876387
0.0,101,1468.305877
0.0,27,1468.440716
0.0,101,1468.918285
0.0,51,1469.153648
0.0,65,1469.444299
0.0,74,1470.759191
0.0,101,1471.255327
0.0,101,1471.698567
0.0,69,1472.008906
0.0,29,1472.147586
0.0,90,1472.553423
0.0,101,1472.999212
0.0,26,1473.128143
0.0,76,1473.466322
0.0,101,1473.907806
0.0,29,1474.045731
0.0,101,1474.563138
0.0,101,1475.054159
0.0,26,1475.182095
0.0,27,1475.313879
0.0,101,1475.730785
0.0,80,1476.095978
