#{"t_start": 1629990359.7421074, "env_id": null}
r,l,t
0.0,46,0.300289
0.0,52,0.643229
0.0,25,0.796474
0.0,52,1.082628
0.0,41,1.325571
0.0,22,1.462134
0.0,74,1.847659
0.0,28,2.019052
0.0,32,2.209458
0.0,33,2.404352
0.0,99,2.90886
0.0,101,3.368214
1.0,16,3.470293
0.0,25,3.629355
0.0,17,3.741647
0.0,22,3.880701
0.0,21,4.011917
0.0,75,4.424968
0.0,27,4.581724
0.0,14,4.671284
0.0,17,4.77505
0.0,101,5.325126
0.0,80,5.725075
0.0,16,5.836925
0.0,37,6.037919
0.0,45,6.29217
0.0,31,6.492755
0.0,34,6.694288
0.0,42,6.936095
0.0,27,7.120296
0.0,20,7.250131
0.0,101,7.755113
0.0,13,7.855596
0.0,68,8.210925
0.0,15,8.315508
0.0,26,8.479095
0.0,31,8.677837
0.0,98,9.234927
0.0,101,9.733512
0.0,13,9.825824
0.0,101,10.354039
0.0,16,10.45851
0.0,75,10.849059
0.0,101,11.413846
0.0,101,13.092141
0.0,59,13.406282
0.0,21,13.5472
0.0,12,13.635673
0.0,12,13.72632
0.0,26,13.89264
0.0,14,14.000829
0.0,101,14.49631
0.0,101,14.994923
0.0,26,15.146744
0.0,52,15.404446
0.0,35,15.613575
0.0,47,15.881053
0.0,30,16.059211
0.0,37,16.279474
0.0,46,16.56431
0.0,74,16.97381
0.0,81,17.339575
0.0,40,17.583226
0.0,21,17.72175
0.0,16,17.826337
0.0,24,17.960677
0.0,32,18.14878
0.0,60,18.490019
0.0,101,18.951672
0.0,18,19.086275
0.0,41,19.319692
0.0,28,19.485489
0.0,29,19.659477
0.0,21,19.793358
0.0,93,20.252181
0.0,30,20.438208
0.0,45,20.710049
0.0,11,20.793039
0.0,37,21.031214
0.0,101,21.530151
0.0,79,21.95395
0.0,101,22.501609
0.0,75,22.884838
0.0,22,23.01798
0.0,26,23.16331
0.0,101,23.671379
0.0,101,25.27673
0.0,48,25.527008
0.0,18,25.643859
0.0,16,25.757743
0.0,27,25.905228
0.0,39,26.117391
0.0,43,26.345248
0.0,24,26.487297
0.0,28,26.636818
0.0,84,27.01968
0.0,25,27.16033
0.0,34,27.348244
0.0,20,27.467783
0.0,14,27.557821
0.0,101,28.015719
0.0,38,28.226235
0.0,79,28.607273
0.0,77,28.997212
0.0,101,29.459769
0.0,19,29.581645
0.0,9,29.651931
0.0,52,29.917393
0.0,101,30.382321
0.0,50,30.647783
0.0,38,30.848393
0.0,28,31.000491
0.0,10,31.072822
0.0,50,31.321467
0.0,60,31.63389
0.0,50,31.889314
0.0,101,32.349389
0.0,18,32.461258
0.0,31,32.631464
0.0,15,32.732522
0.0,101,33.187441
0.0,15,33.284596
0.0,33,33.460647
0.0,22,33.585546
0.0,57,33.869539
0.0,51,34.136632
0.0,13,34.22417
0.0,24,34.363038
0.0,73,34.715438
0.0,32,34.886241
0.0,35,35.083269
0.0,101,36.593764
0.0,101,37.052277
0.0,16,37.148972
0.0,26,37.292492
0.0,23,37.42612
0.0,56,37.706832
0.0,64,38.016051
0.0,22,38.142824
0.0,43,38.362014
0.0,67,38.701288
0.0,35,38.889288
0.0,101,39.35926
0.0,19,39.479751
0.0,101,39.944242
0.0,21,40.067474
0.0,65,40.38057
0.0,36,40.55485
0.0,21,40.676991
0.0,14,40.768602
0.0,78,41.134363
0.0,101,41.583358
0.0,34,41.749639
0.0,15,41.84448
0.0,38,42.053983
0.0,18,42.168657
0.0,85,42.543343
0.0,43,42.765689
0.0,18,42.878972
0.0,50,43.14754
0.0,37,43.346956
0.0,16,43.452078
0.0,30,43.622886
0.0,82,44.033113
0.0,15,44.132415
0.0,17,44.247475
0.0,25,44.400542
0.0,71,44.832116
0.0,66,45.183982
0.0,101,45.644161
0.0,101,46.106271
0.0,101,46.567104
0.0,47,46.812661
0.0,41,48.105732
0.0,30,48.279212
0.0,15,48.377093
0.0,21,48.500151
0.0,24,48.642796
0.0,65,48.983876
0.0,28,49.15577
0.0,23,49.289145
0.0,39,49.495565
0.0,32,49.673318
0.0,11,49.756174
0.0,43,49.992764
0.0,101,50.444928
0.0,64,50.790823
0.0,38,50.991602
0.0,60,51.325242
0.0,32,51.518797
0.0,12,51.605799
0.0,10,51.680612
0.0,55,51.984115
0.0,21,52.120813
0.0,94,52.565092
0.0,46,52.832106
1.0,21,52.971195
0.0,101,53.497185
0.0,15,53.598453
0.0,67,53.927983
0.0,35,54.114481
0.0,39,54.320729
0.0,27,54.472728
0.0,101,54.951928
0.0,101,55.423213
0.0,12,55.506273
0.0,22,55.634328
0.0,29,55.803943
0.0,46,56.018945
0.0,24,56.157162
0.0,84,56.572124
0.0,101,57.088855
0.0,21,57.217912
0.0,101,57.700917
0.0,17,57.810117
0.0,32,57.989978
0.0,38,58.183263
0.0,9,58.254692
0.0,23,58.385923
0.0,12,58.468475
0.0,9,58.536292
0.0,27,58.685703
0.0,101,60.427163
0.0,101,60.913189
0.0,23,61.046552
0.0,40,61.263034
0.0,13,61.349739
0.0,16,61.449941
0.0,101,61.915007
0.0,82,62.329924
0.0,15,62.435664
0.0,42,62.643785
0.0,35,62.839248
0.0,79,63.2444
0.0,20,63.363695
0.0,101,63.81233
0.0,37,64.027938
0.0,101,64.492835
0.0,16,64.594186
0.0,16,64.69746
0.0,101,65.187881
0.0,40,65.403566
0.0,22,65.53351
0.0,63,65.870401
0.0,26,66.030099
0.0,20,66.148865
0.0,22,66.285808
0.0,18,66.407243
0.0,101,66.913651
0.0,30,67.079059
0.0,19,67.193253
0.0,39,67.411991
0.0,24,67.541969
0.0,46,67.790756
0.0,79,68.169739
0.0,10,68.250588
0.0,101,68.749636
0.0,101,69.213722
0.0,12,69.295272
0.0,14,69.390377
0.0,9,69.462507
0.0,25,69.604285
0.0,14,69.696012
0.0,9,69.76671
0.0,76,70.177322
0.0,52,70.452787
0.0,33,70.629793
0.0,9,70.705671
0.0,13,70.789699
0.0,32,72.050066
0.0,48,72.305932
0.0,101,72.767444
0.0,86,73.181506
0.0,92,73.632929
0.0,34,73.824965
0.0,32,74.006527
0.0,13,74.098593
0.0,28,74.28782
0.0,94,74.841665
0.0,23,74.990309
0.0,19,75.11267
0.0,101,75.614506
0.0,26,75.793335
0.0,48,76.059301
0.0,86,76.470099
0.0,41,76.677332
0.0,34,76.886954
0.0,34,77.069875
0.0,44,77.303435
0.0,36,77.493988
0.0,28,77.664585
0.0,21,77.78844
0.0,41,78.015262
0.0,12,78.097791
0.0,60,78.439312
0.0,32,78.620018
0.0,14,78.744905
0.0,29,78.913033
0.0,22,79.063177
0.0,49,79.357152
0.0,29,79.549853
0.0,20,79.672319
0.0,62,80.007475
0.0,25,80.165341
0.0,37,80.374879
0.0,11,80.457094
0.0,85,80.894534
0.0,19,81.018481
0.0,41,81.224822
0.0,101,81.718713
0.0,15,81.82066
0.0,32,81.98424
0.0,54,82.277029
0.0,23,82.421055
0.0,12,82.502493
0.0,43,82.723643
0.0,32,82.896826
0.0,15,82.991778
0.0,24,83.130982
0.0,25,83.27075
0.0,16,84.459007
0.0,19,84.582588
0.0,22,84.730907
0.0,23,84.869043
0.0,67,85.201758
0.0,57,85.492577
0.0,101,85.985921
0.0,27,86.141905
0.0,32,86.334258
0.0,101,86.797374
0.0,93,87.242889
0.0,48,87.488423
0.0,25,87.638327
0.0,23,87.77716
0.0,20,87.90219
0.0,101,88.377886
0.0,77,88.727442
0.0,28,88.883337
0.0,18,88.996603
0.0,22,89.124172
0.0,58,89.436474
0.0,14,89.534261
0.0,25,89.690219
0.0,21,89.819483
0.0,13,89.912807
0.0,101,90.409451
0.0,101,90.876556
0.0,28,91.037433
0.0,34,91.233946
0.0,101,91.78033
0.0,29,91.959667
0.0,25,92.11109
0.0,11,92.197429
0.0,101,92.675573
0.0,30,92.864596
0.0,96,93.366172
0.0,13,93.45554
0.0,47,93.715086
0.0,22,93.844324
0.0,14,93.942078
0.0,76,94.312723
0.0,75,94.669581
0.0,22,94.803436
0.0,20,94.92633
0.0,16,95.029725
0.0,21,95.164829
0.0,20,96.407368
0.0,36,96.608759
0.0,101,97.062513
0.0,15,97.161699
0.0,9,97.229395
0.0,101,97.733556
0.0,57,98.034764
0.0,101,98.563469
0.0,41,98.801105
0.0,18,98.925523
0.0,23,99.073192
0.0,20,99.201039
0.0,37,99.418949
0.0,68,99.776216
0.0,30,99.95619
0.0,24,100.100134
0.0,17,100.208576
0.0,33,100.398624
0.0,13,100.485319
0.0,76,100.826357
0.0,52,101.078072
0.0,62,101.38175
0.0,101,101.869544
0.0,51,102.166651
0.0,62,102.469363
0.0,101,102.990653
0.0,101,103.468225
0.0,101,103.943904
0.0,15,104.049741
0.0,101,104.575762
0.0,26,104.72212
0.0,101,105.234823
0.0,20,105.366939
0.0,101,105.83798
0.0,22,105.98665
0.0,101,106.493633
0.0,64,106.853856
0.0,26,107.008492
0.0,23,108.252551
0.0,31,108.424918
0.0,14,108.513279
0.0,101,108.953516
0.0,22,109.082078
0.0,24,109.217879
0.0,93,109.674887
0.0,24,109.820668
0.0,34,110.011534
0.0,17,110.122862
0.0,15,110.217464
0.0,101,110.689309
0.0,32,110.867635
0.0,10,110.938965
0.0,10,111.011226
0.0,101,111.459339
0.0,101,111.922248
0.0,25,112.074994
0.0,20,112.202117
0.0,9,112.273467
0.0,27,112.42431
0.0,22,112.555456
0.0,39,112.762982
0.0,36,112.965753
0.0,25,113.114014
0.0,12,113.202154
0.0,25,113.352063
0.0,101,113.89096
0.0,12,113.977391
0.0,33,114.194379
0.0,35,114.404731
0.0,101,114.955542
0.0,61,115.273532
0.0,69,115.67202
0.0,25,115.827435
0.0,49,116.106013
0.0,101,116.583682
0.0,101,117.096403
0.0,37,117.293648
0.0,45,117.534092
0.0,43,117.761174
0.0,76,118.137642
0.0,14,118.230062
0.0,13,118.321497
0.0,38,118.532731
0.0,101,118.983177
0.0,101,120.50228
0.0,33,120.686587
0.0,101,121.134506
0.0,79,121.543511
0.0,9,121.610021
0.0,22,121.739872
0.0,48,121.972603
0.0,26,122.11922
0.0,15,122.213622
0.0,38,122.417911
0.0,44,122.622664
0.0,25,122.762953
0.0,9,122.830361
0.0,16,122.927666
0.0,21,123.052779
0.0,26,123.198065
0.0,20,123.31688
0.0,46,123.553461
0.0,101,124.000514
0.0,14,124.090307
0.0,42,124.286145
0.0,38,124.486249
0.0,21,124.608101
0.0,101,125.053499
0.0,18,125.158962
0.0,13,125.246516
0.0,25,125.38558
0.0,44,125.622743
0.0,18,125.729061
0.0,46,125.949597
0.0,45,126.184696
0.0,26,126.335918
0.0,15,126.432605
0.0,18,126.540252
0.0,24,126.668281
0.0,38,126.867939
0.0,101,127.335509
0.0,18,127.442003
0.0,10,127.513118
0.0,38,127.723287
0.0,25,127.867463
0.0,19,127.983223
0.0,31,128.153624
0.0,88,128.554146
0.0,32,128.732575
0.0,20,128.848155
0.0,101,129.294386
0.0,31,129.450691
0.0,23,129.583406
0.0,23,129.714024
0.0,34,129.894992
0.0,12,129.976011
0.0,10,130.046254
0.0,61,130.336472
0.0,44,130.570505
0.0,37,131.816726
0.0,101,132.239962
0.0,27,132.384587
0.0,93,132.790439
0.0,18,132.895507
0.0,101,133.35255
0.0,18,133.461667
0.0,98,133.94873
0.0,101,134.381137
0.0,101,134.839209
0.0,14,134.928048
0.0,35,135.135322
0.0,34,135.325517
0.0,66,135.693988
0.0,17,135.805044
0.0,35,136.015067
0.0,101,136.528971
0.0,17,136.635183
0.0,101,137.117318
0.0,14,137.215214
0.0,101,137.703425
0.0,35,137.888512
0.0,15,137.994097
0.0,13,138.090539
0.0,44,138.35518
0.0,101,138.848195
0.0,84,139.278863
0.0,44,139.542028
0.0,20,139.691257
0.0,25,139.839329
0.0,41,140.054222
0.0,28,140.231915
0.0,92,140.65835
0.0,59,140.950006
0.0,77,141.32074
0.0,40,141.554893
0.0,17,141.667488
0.0,29,141.840466
0.0,48,142.096581
0.0,56,143.562981
0.0,40,143.799236
0.0,46,144.045175
0.0,101,144.504474
0.0,45,144.73369
0.0,25,144.890028
0.0,31,145.067917
0.0,22,145.196603
0.0,80,145.595625
0.0,78,145.945549
0.0,43,146.180781
0.0,15,146.286156
0.0,101,146.754533
0.0,101,147.214614
0.0,101,147.686014
0.0,42,147.922276
0.0,61,148.227784
0.0,63,148.556249
0.0,101,149.015826
0.0,47,149.262131
0.0,15,149.363865
0.0,101,149.808363
0.0,21,149.940727
0.0,31,150.105577
0.0,28,150.258535
0.0,54,150.522937
0.0,100,150.989011
0.0,39,151.19982
0.0,47,151.440488
0.0,101,151.878551
0.0,101,152.355559
0.0,35,152.541699
0.0,10,152.614134
0.0,26,152.762916
0.0,101,153.242368
0.0,15,153.34554
0.0,78,154.820058
0.0,13,154.906665
0.0,13,154.991815
0.0,15,155.090895
0.0,40,155.322561
0.0,43,155.558083
0.0,31,155.757184
0.0,29,155.916095
0.0,59,156.215801
0.0,15,156.332385
0.0,101,156.843278
0.0,101,157.3086
0.0,49,157.561191
0.0,28,157.717821
0.0,31,157.893606
0.0,50,158.118061
0.0,23,158.246968
0.0,28,158.4071
0.0,14,158.500502
0.0,11,158.581551
0.0,12,158.667138
0.0,24,158.805938
0.0,32,158.987165
0.0,28,159.151788
0.0,101,159.616092
0.0,33,159.797996
0.0,43,160.033976
0.0,18,160.153465
0.0,30,160.323002
0.0,45,160.547279
0.0,25,160.694838
0.0,101,161.151195
0.0,54,161.421521
0.0,43,161.64815
0.0,20,161.764778
0.0,101,162.248803
0.0,90,162.637671
0.0,33,162.811525
0.0,27,162.967947
0.0,31,163.128702
0.0,10,163.199401
0.0,101,163.651428
0.0,40,163.855177
0.0,56,164.145386
0.0,101,164.594518
0.0,11,164.670661
0.0,23,164.803114
0.0,61,165.11725
0.0,11,165.193397
0.0,12,165.276236
0.0,68,166.672678
0.0,25,166.812328
0.0,36,167.00775
0.0,21,167.128007
0.0,94,167.59011
0.0,31,167.765755
0.0,15,167.864562
0.0,22,167.990875
0.0,22,168.12075
0.0,21,168.23995
0.0,25,168.375789
0.0,10,168.44849
0.0,38,168.636886
1.0,22,168.763803
0.0,101,169.202668
0.0,20,169.32665
0.0,32,169.502135
0.0,46,169.766276
0.0,101,170.256775
0.0,59,170.589932
0.0,36,170.803214
0.0,57,171.133243
0.0,54,171.464771
0.0,101,172.010682
0.0,34,172.219921
0.0,20,172.35112
0.0,78,172.746907
0.0,34,172.935018
0.0,24,173.076285
0.0,21,173.204068
0.0,13,173.30353
0.0,101,173.778885
0.0,19,173.890792
0.0,33,174.070232
0.0,40,174.279681
0.0,13,174.365492
0.0,42,174.573009
0.0,39,174.767462
0.0,101,175.235031
0.0,83,175.613804
0.0,12,175.693331
0.0,46,175.939989
0.0,32,176.112799
0.0,48,176.36083
0.0,40,176.574093
0.0,14,176.664213
0.0,95,177.085425
0.0,54,178.452619
0.0,101,178.953158
0.0,18,179.068333
0.0,18,179.17805
0.0,88,179.663353
0.0,101,180.118873
0.0,101,180.614505
0.0,101,181.105469
0.0,47,181.358538
0.0,101,181.84072
0.0,28,182.000058
0.0,32,182.185829
0.0,57,182.461232
0.0,15,182.563492
0.0,37,182.759902
0.0,49,183.027217
0.0,22,183.169162
0.0,101,183.642514
0.0,19,183.755835
0.0,12,183.840935
0.0,17,183.949003
0.0,101,184.408931
0.0,30,184.592475
0.0,20,184.715976
0.0,27,184.882456
0.0,101,185.337752
0.0,58,185.620597
0.0,100,186.111382
0.0,20,186.232155
0.0,88,186.63904
0.0,20,186.757843
0.0,33,186.932782
0.0,30,187.100142
0.0,101,187.557572
0.0,21,187.682757
0.0,20,187.80165
0.0,101,188.280324
0.0,44,188.527987
0.0,23,188.662236
0.0,23,189.872697
0.0,18,189.979514
0.0,53,190.262539
0.0,95,190.710884
0.0,101,191.161545
0.0,67,191.498817
0.0,17,191.605741
0.0,22,191.734948
0.0,12,191.816024
0.0,55,192.077226
0.0,101,192.518498
0.0,11,192.59463
0.0,101,193.027693
0.0,36,193.216278
0.0,19,193.332715
0.0,18,193.443813
0.0,49,193.696659
0.0,52,193.975658
0.0,19,194.092474
0.0,35,194.290563
0.0,29,194.465189
0.0,101,194.96475
0.0,101,195.412603
0.0,80,195.77633
0.0,22,195.90282
0.0,26,196.052255
0.0,78,196.402415
0.0,33,196.583698
0.0,15,196.678553
0.0,14,196.770239
0.0,28,196.929751
0.0,96,197.371962
0.0,47,197.623758
0.0,82,198.003113
0.0,101,198.470699
0.0,14,198.562317
0.0,41,198.78136
0.0,13,198.867891
0.0,15,198.967366
0.0,101,199.423746
0.0,39,199.630271
0.0,33,199.810738
0.0,23,199.946503
0.0,31,201.194484
0.0,12,201.276075
0.0,101,201.739775
0.0,36,201.936345
0.0,101,202.403926
0.0,36,202.591076
0.0,45,202.819864
0.0,47,203.067751
0.0,9,203.140095
0.0,21,203.262626
0.0,47,203.510606
0.0,24,203.649214
0.0,22,203.7826
0.0,24,203.950412
0.0,101,204.433213
0.0,29,204.598334
0.0,41,204.815135
0.0,46,205.064856
0.0,92,205.568804
0.0,18,205.686857
0.0,44,205.949993
0.0,29,206.122345
0.0,61,206.439935
0.0,9,206.511787
0.0,89,207.004205
1.0,27,207.158216
0.0,32,207.328455
0.0,26,207.476306
0.0,41,207.700953
0.0,54,207.95253
0.0,41,208.186152
0.0,19,208.299094
0.0,15,208.396271
0.0,68,208.744284
0.0,77,209.159358
0.0,33,209.34683
0.0,101,209.895717
0.0,10,209.968368
0.0,31,210.141139
0.0,32,210.320714
0.0,61,210.647593
0.0,17,210.753512
0.0,12,210.835596
0.0,47,211.109486
0.0,19,211.244282
0.0,101,211.79624
0.0,98,213.650286
0.0,12,213.739334
0.0,44,214.000712
0.0,29,214.182295
0.0,41,214.425931
0.0,50,214.681785
0.0,101,215.20607
0.0,47,215.485736
0.0,101,215.981537
0.0,101,216.53634
1.0,31,216.717018
0.0,101,217.236088
0.0,12,217.326278
1.0,25,217.491369
0.0,21,217.627918
0.0,35,217.828413
0.0,12,217.916197
0.0,26,218.071727
0.0,22,218.213869
0.0,27,218.376541
0.0,82,218.798107
0.0,33,218.993674
0.0,26,219.161089
0.0,51,219.456154
0.0,16,219.566685
0.0,101,220.090358
0.0,20,220.221153
0.0,10,220.300743
0.0,85,220.756933
0.0,59,221.082623
0.0,29,221.266776
0.0,73,221.680646
0.0,19,221.806402
0.0,101,222.31684
0.0,34,222.518313
0.0,101,223.012415
0.0,101,223.521495
0.0,17,223.636676
0.0,101,224.128483
0.0,17,224.238302
0.0,30,224.427141
0.0,45,224.697697
0.0,78,226.331669
0.0,28,226.506758
0.0,97,227.031909
0.0,101,227.534271
0.0,30,227.72208
0.0,20,227.858512
0.0,13,227.951719
0.0,101,228.46272
0.0,101,228.966139
0.0,11,229.04931
0.0,13,229.1424
0.0,84,229.590117
0.0,38,229.802319
0.0,34,230.000593
0.0,101,230.467524
0.0,28,230.624682
0.0,80,231.011223
0.0,11,231.089242
0.0,28,231.248724
0.0,80,231.63445
0.0,23,231.784984
0.0,14,231.884524
0.0,44,232.17166
0.0,31,232.351014
0.0,61,232.677733
0.0,45,232.928995
0.0,35,233.142727
0.0,26,233.295018
0.0,48,233.572074
0.0,34,233.786345
0.0,10,233.863699
0.0,14,233.96397
0.0,39,234.205475
0.0,16,234.317395
0.0,32,234.504536
0.0,101,234.944886
0.0,101,235.419349
0.0,37,235.62612
0.0,17,235.735575
0.0,18,235.842047
0.0,35,236.035141
0.0,101,236.4811
0.0,101,236.968068
0.0,10,237.044052
0.0,34,238.35009
0.0,101,238.798473
0.0,47,239.034786
0.0,67,239.378745
0.0,19,239.494622
0.0,101,239.965685
0.0,27,240.135146
1.0,32,240.327796
0.0,18,240.457311
0.0,9,240.533721
0.0,29,240.71957
0.0,101,241.204178
0.0,25,241.366361
0.0,44,241.605713
0.0,31,241.797536
0.0,101,242.355679
0.0,9,242.430561
0.0,72,242.835541
0.0,46,243.083597
0.0,16,243.190036
0.0,53,243.451648
0.0,30,243.626463
0.0,18,243.738725
0.0,24,243.886641
0.0,13,243.973149
0.0,19,244.085755
0.0,13,244.175401
0.0,101,244.665692
0.0,10,244.742398
0.0,57,245.051046
0.0,21,245.185817
0.0,22,245.316887
0.0,45,245.561244
0.0,23,245.698758
0.0,16,245.79752
0.0,20,245.920506
0.0,38,246.137531
0.0,101,246.645281
0.0,32,246.842497
0.0,23,246.994013
0.0,101,247.526384
0.0,101,248.042743
0.0,19,248.162469
0.0,28,248.33142
0.0,95,248.772099
0.0,101,249.232754
1.0,24,250.456689
0.0,31,250.632559
0.0,20,250.755677
0.0,35,250.937638
0.0,30,251.098485
0.0,79,251.492146
0.0,36,251.6874
0.0,27,251.838967
0.0,28,252.012592
0.0,47,252.270035
0.0,24,252.426858
0.0,101,252.949093
0.0,16,253.052297
0.0,101,253.552508
0.0,10,253.656137
0.0,24,253.821676
0.0,47,254.10994
0.0,16,254.213296
0.0,44,254.438815
0.0,24,254.587122
0.0,38,254.796924
0.0,101,255.290761
0.0,35,255.500723
0.0,35,255.710662
0.0,16,255.828827
0.0,13,255.923828
0.0,27,256.090955
0.0,101,256.616108
0.0,80,257.018611
0.0,36,257.227536
0.0,12,257.319705
0.0,101,257.790878
0.0,25,257.954418
0.0,41,258.183452
0.0,101,258.670682
0.0,28,258.883534
0.0,52,259.164314
0.0,82,259.624311
0.0,46,259.88533
0.0,101,260.378271
0.0,10,260.45583
0.0,60,260.789341
0.0,101,261.300814
0.0,10,261.377801
0.0,90,263.013963
0.0,22,263.158405
0.0,101,263.660685
0.0,34,263.851325
0.0,21,263.985176
0.0,15,264.085129
0.0,101,264.620888
0.0,32,264.821644
0.0,28,264.979214
0.0,24,265.120421
0.0,101,265.554197
0.0,9,265.624013
0.0,37,265.8283
0.0,24,265.965382
0.0,27,266.115902
0.0,34,266.289062
0.0,101,266.73907
0.0,28,266.893102
0.0,39,267.099403
0.0,42,267.299067
0.0,70,267.676125
0.0,48,267.931609
0.0,10,268.004518
0.0,52,268.268621
0.0,78,268.682251
0.0,51,268.929238
0.0,39,269.138018
0.0,44,269.415653
0.0,77,269.828887
0.0,13,269.923537
0.0,23,270.078261
0.0,101,270.565145
0.0,101,271.037609
0.0,10,271.110379
0.0,29,271.266618
0.0,11,271.344796
0.0,30,271.516974
0.0,61,271.829483
0.0,38,272.029957
0.0,101,272.527634
0.0,81,272.903536
0.0,41,273.130272
0.0,56,273.433329
0.0,46,274.866358
0.0,40,275.090432
0.0,101,275.557914
0.0,24,275.724245
0.0,10,275.804232
0.0,56,276.114199
0.0,52,276.418994
0.0,21,276.54832
0.0,30,276.745742
0.0,12,276.829006
0.0,43,277.048245
0.0,101,277.509935
0.0,49,277.759061
0.0,70,278.105942
0.0,20,278.24245
0.0,101,278.755814
0.0,20,278.8865
0.0,101,279.364826
0.0,101,279.859001
0.0,12,279.960754
0.0,77,280.385201
0.0,46,280.645005
0.0,79,281.032578
0.0,47,281.269535
0.0,101,281.740717
0.0,16,281.853117
0.0,44,282.107625
0.0,101,282.654863
0.0,13,282.746655
0.0,18,282.878269
0.0,28,283.048421
0.0,101,283.569283
0.0,12,283.660275
0.0,31,283.855365
0.0,29,284.047684
0.0,50,284.366313
0.0,101,284.910634
0.0,52,285.18373
0.0,20,285.302753
0.0,67,285.646191
0.0,19,285.758976
0.0,101,287.327822
0.0,50,287.581259
0.0,26,287.736455
0.0,24,287.884368
0.0,15,287.986386
0.0,42,288.228539
0.0,101,288.706399
0.0,26,288.869724
0.0,101,289.344859
0.0,14,289.438557
0.0,101,289.911961
0.0,18,290.020272
0.0,28,290.178267
0.0,101,290.689118
0.0,20,290.830526
0.0,101,291.340119
0.0,101,291.83881
0.0,13,291.934123
0.0,16,292.044199
0.0,9,292.117631
0.0,29,292.293624
0.0,101,292.773881
0.0,59,293.092717
0.0,15,293.189095
0.0,33,293.367783
0.0,14,293.458347
0.0,38,293.674831
0.0,15,293.78313
0.0,10,293.882086
0.0,21,294.026992
0.0,20,294.163439
0.0,86,294.64762
0.0,35,294.865157
0.0,39,295.078128
0.0,22,295.210884
0.0,35,295.406639
0.0,30,295.580422
0.0,17,295.688258
0.0,27,295.848907
0.0,29,296.026029
0.0,11,296.109779
0.0,34,296.31106
0.0,101,296.780756
0.0,26,296.930211
0.0,20,297.054095
0.0,101,297.559221
0.0,19,297.67769
0.0,34,297.865863
0.0,32,299.114641
0.0,17,299.219082
0.0,62,299.528874
0.0,23,299.668693
0.0,25,299.820321
0.0,27,299.977959
0.0,36,300.171046
0.0,55,300.467983
0.0,37,300.663272
0.0,20,300.778593
0.0,85,301.216649
0.0,53,301.49702
0.0,101,301.988483
0.0,16,302.086748
0.0,63,302.391106
0.0,24,302.532887
0.0,34,302.718892
0.0,25,302.856081
0.0,43,303.068516
0.0,56,303.352157
0.0,46,303.59827
0.0,60,303.897729
0.0,19,304.010946
0.0,59,304.322029
0.0,43,304.54828
0.0,29,304.721923
0.0,101,305.161161
0.0,57,305.41262
0.0,19,305.530077
0.0,59,305.791007
0.0,25,305.934658
0.0,101,306.360774
0.0,31,306.524595
1.0,31,306.699491
0.0,20,306.815431
0.0,23,306.945539
0.0,23,307.083107
0.0,11,307.160543
0.0,24,307.303768
0.0,101,307.790507
0.0,101,308.25497
0.0,12,308.335065
0.0,57,308.620666
0.0,37,308.832068
0.0,22,308.968718
0.0,43,309.2104
0.0,16,309.320305
0.0,54,309.594878
0.0,22,310.871788
0.0,101,311.314337
0.0,12,311.40196
0.0,42,311.659534
0.0,14,311.756498
0.0,25,311.902067
0.0,61,312.245006
0.0,37,312.461523
0.0,37,312.670555
0.0,46,312.919406
0.0,14,313.013401
0.0,34,313.195252
0.0,101,313.707134
0.0,57,314.056253
0.0,38,314.271702
0.0,101,314.766068
0.0,16,314.868963
0.0,30,315.028309
0.0,20,315.155949
0.0,32,315.321888
0.0,51,315.612778
0.0,79,315.993077
0.0,9,316.063093
0.0,9,316.132232
0.0,9,316.200448
0.0,40,316.419536
0.0,27,316.575089
0.0,101,317.029874
0.0,16,317.130815
0.0,20,317.252497
0.0,24,317.399724
0.0,32,317.598837
0.0,101,318.160193
0.0,48,318.427243
0.0,101,318.895463
0.0,44,319.123164
0.0,33,319.326332
0.0,9,319.401462
0.0,101,319.949739
0.0,11,320.03341
0.0,42,320.270318
0.0,44,320.519406
0.0,101,321.007607
0.0,20,321.143673
0.0,101,321.636778
0.0,65,323.072511
0.0,101,323.638267
0.0,59,323.954247
0.0,33,324.142817
0.0,101,324.647074
0.0,101,325.160444
0.0,27,325.351624
0.0,20,325.493043
0.0,101,326.014065
0.0,44,326.275689
0.0,20,326.407285
0.0,12,326.499081
0.0,83,326.962307
0.0,33,327.148017
0.0,35,327.327844
0.0,9,327.395948
0.0,9,327.464311
0.0,26,327.612808
0.0,38,327.80284
0.0,63,328.119305
0.0,12,328.200932
0.0,101,328.750918
0.0,12,328.844184
0.0,38,329.06384
0.0,101,329.519715
0.0,22,329.657436
0.0,13,329.743852
0.0,21,329.866472
0.0,47,330.113647
0.0,37,330.335218
0.0,23,330.474977
0.0,34,330.674385
0.0,101,331.175173
0.0,101,331.693505
0.0,25,331.850621
0.0,31,332.050292
0.0,64,332.411687
0.0,34,332.616714
0.0,33,332.796795
0.0,15,332.894254
0.0,101,333.366268
0.0,81,333.752177
0.0,9,333.821413
0.0,67,334.142436
0.0,10,335.288471
0.0,24,335.42545
0.0,57,335.726178
0.0,24,335.863028
0.0,84,336.26819
0.0,43,336.504169
0.0,77,336.856688
0.0,33,337.045695
0.0,52,337.303558
0.0,15,337.399561
0.0,19,337.520004
0.0,74,337.856944
0.0,88,338.28688
0.0,45,338.523358
0.0,31,338.696311
0.0,13,338.782418
0.0,24,338.922588
0.0,101,339.389236
0.0,12,339.470901
0.0,17,339.57936
0.0,35,339.775859
0.0,58,340.041933
0.0,47,340.264174
0.0,74,340.641339
0.0,13,340.728802
0.0,43,340.959216
0.0,44,341.18299
0.0,41,341.400055
0.0,22,341.536215
0.0,23,341.672078
0.0,101,342.120899
0.0,33,342.296124
0.0,101,342.76715
0.0,44,342.984865
0.0,101,343.439634
0.0,101,343.894238
0.0,21,344.014593
0.0,101,344.503708
0.0,18,344.611263
0.0,30,344.779706
0.0,39,345.003449
0.0,62,345.304831
0.0,14,345.396356
0.0,10,345.468869
0.0,60,346.837042
0.0,13,346.925566
0.0,40,347.157962
0.0,95,347.608521
0.0,32,347.783155
0.0,20,347.902465
0.0,9,347.971579
0.0,16,348.072007
0.0,12,348.152168
0.0,9,348.221354
1.0,26,348.376693
0.0,30,348.533979
0.0,36,348.720764
0.0,42,348.950585
0.0,33,349.127536
0.0,46,349.396397
0.0,26,349.572949
0.0,41,349.820168
0.0,79,350.258292
0.0,32,350.446898
0.0,87,350.870146
0.0,101,351.383351
0.0,37,351.612315
0.0,64,351.957541
0.0,21,352.102099
0.0,31,352.296157
0.0,12,352.385338
0.0,71,352.786816
0.0,24,352.927215
0.0,33,353.102031
0.0,101,353.601053
0.0,36,353.79578
0.0,101,354.26999
0.0,35,354.462099
0.0,101,354.926155
0.0,80,355.307794
0.0,12,355.390243
0.0,82,355.768086
0.0,23,355.901974
0.0,101,356.358526
0.0,93,356.804968
0.0,101,357.276221
0.0,12,357.358252
0.0,9,357.426788
0.0,23,358.633591
0.0,35,358.815537
0.0,101,359.266269
0.0,101,359.743558
0.0,21,359.865686
0.0,101,360.330001
0.0,101,360.793739
0.0,91,361.198546
0.0,19,361.313712
0.0,26,361.45998
0.0,36,361.657634
0.0,101,362.092147
0.0,23,362.222544
0.0,13,362.30692
0.0,9,362.374982
0.0,9,362.443747
0.0,69,362.776711
0.0,22,362.91029
0.0,101,363.396504
0.0,20,363.516387
0.0,44,363.73877
0.0,9,363.807856
0.0,25,363.954185
0.0,27,364.109795
0.0,45,364.345519
0.0,33,364.520139
0.0,15,364.619582
0.0,30,364.780446
0.0,23,364.915663
0.0,101,365.388942
0.0,30,365.556068
0.0,70,365.892677
0.0,9,365.962148
0.0,20,366.082567
0.0,26,366.23339
0.0,20,366.357362
0.0,41,366.563868
0.0,27,366.712969
0.0,12,366.79587
0.0,28,366.955892
0.0,101,367.391598
0.0,15,367.489898
0.0,11,367.567427
0.0,42,367.795532
0.0,101,368.254289
0.0,57,368.517642
0.0,34,368.706868
0.0,37,368.889471
0.0,40,370.165898
0.0,37,370.348456
0.0,36,370.538693
0.0,12,370.623
0.0,101,371.058535
0.0,22,371.188001
0.0,76,371.547104
0.0,74,371.927317
0.0,20,372.050968
0.0,97,372.49447
0.0,89,372.904045
0.0,21,373.028562
0.0,101,373.53393
0.0,36,373.736673
0.0,60,374.035591
0.0,41,374.24743
0.0,101,374.700565
0.0,101,375.143992
0.0,22,375.274341
0.0,22,375.402392
0.0,101,375.878422
0.0,18,375.987023
0.0,101,376.447666
0.0,100,376.920176
0.0,37,377.117542
0.0,101,377.573665
0.0,101,378.010505
0.0,26,378.160529
0.0,49,378.408499
0.0,18,378.51715
0.0,20,378.639466
0.0,26,378.786523
0.0,101,379.234359
0.0,26,379.376713
0.0,20,379.494498
0.0,32,379.678124
0.0,28,379.823967
0.0,17,379.92887
0.0,23,381.133978
0.0,23,381.275592
0.0,36,381.4604
0.0,27,381.618238
0.0,93,382.030869
0.0,101,382.476174
0.0,38,382.666402
0.0,101,383.12529
0.0,65,383.467566
0.0,24,383.608474
0.0,91,384.023698
0.0,19,384.132931
0.0,37,384.338444
0.0,33,384.514957
0.0,37,384.720336
0.0,49,384.998924
0.0,67,385.340121
0.0,12,385.421486
0.0,15,385.515653
0.0,101,385.984411
0.0,58,386.284737
0.0,32,386.463452
0.0,101,386.926263
0.0,30,387.094961
0.0,37,387.28794
0.0,31,387.454651
0.0,34,387.646597
0.0,101,388.099844
0.0,22,388.224295
0.0,40,388.432996
0.0,70,388.774938
0.0,52,389.06266
0.0,28,389.218628
0.0,31,389.389714
0.0,33,389.56976
0.0,24,389.709615
0.0,101,390.13972
0.0,43,390.374315
0.0,101,390.830123
0.0,21,390.948656
0.0,21,391.073963
0.0,101,392.606644
0.0,19,392.716977
0.0,101,393.164526
0.0,9,393.233499
0.0,12,393.316936
0.0,36,393.508819
0.0,47,393.763009
0.0,87,394.18798
0.0,14,394.280401
0.0,93,394.701037
0.0,16,394.802639
0.0,101,395.28201
0.0,27,395.435666
0.0,25,395.585562
0.0,33,395.758685
0.0,32,395.939778
0.0,31,396.118468
0.0,101,396.561946
0.0,23,396.69303
0.0,101,397.171655
0.0,16,397.272709
0.0,24,397.408034
0.0,101,397.873107
0.0,66,398.187997
0.0,12,398.270244
0.0,9,398.339669
0.0,11,398.41791
0.0,33,398.600946
0.0,35,398.799854
0.0,44,399.029789
0.0,46,399.268337
0.0,91,399.683783
0.0,23,399.818974
0.0,47,400.057593
0.0,22,400.186212
0.0,13,400.272629
0.0,62,400.606195
0.0,24,400.74725
0.0,21,400.868416
0.0,80,401.230616
0.0,101,401.669654
0.0,19,401.783549
0.0,62,402.082793
0.0,9,402.150459
0.0,12,402.234047
0.0,101,402.679442
0.0,9,402.748495
0.0,22,403.95686
0.0,9,404.026232
0.0,101,404.492706
0.0,30,404.661605
0.0,24,404.805286
0.0,33,404.985579
0.0,23,405.114298
0.0,101,405.565566
0.0,23,405.700622
0.0,101,406.157297
0.0,10,406.230289
0.0,101,406.734147
0.0,32,406.901015
0.0,9,406.969536
0.0,51,407.227815
0.0,36,407.421745
0.0,101,407.888273
0.0,30,408.055535
0.0,17,408.158345
0.0,13,408.246896
0.0,101,408.699889
0.0,101,409.167711
0.0,50,409.413249
0.0,25,409.558316
0.0,65,409.901621
0.0,45,410.130277
0.0,44,410.365369
0.0,31,410.537889
0.0,33,410.718624
0.0,23,410.85725
0.0,63,411.156831
0.0,82,411.538746
0.0,23,411.675885
0.0,101,412.151059
0.0,13,412.239551
0.0,35,412.419764
0.0,27,412.573982
0.0,12,412.658659
0.0,101,413.140599
0.0,20,413.26544
0.0,16,413.369583
0.0,35,413.56552
0.0,101,414.017012
0.0,66,415.438633
0.0,101,415.886784
0.0,9,415.955858
0.0,29,416.125907
0.0,101,416.600845
0.0,48,416.850216
0.0,23,416.984792
0.0,22,417.117015
0.0,101,417.59041
0.0,10,417.664174
0.0,50,417.932276
0.0,101,418.414889
1.0,31,418.590825
0.0,21,418.713825
0.0,23,418.851286
0.0,23,418.985998
0.0,81,419.357316
0.0,38,419.543955
0.0,101,420.005418
0.0,35,420.195852
0.0,62,420.519438
0.0,31,420.691847
0.0,19,420.809861
0.0,18,420.923973
0.0,101,421.376324
0.0,18,421.486964
0.0,101,421.942991
0.0,70,422.279576
0.0,101,422.749826
0.0,33,422.926049
0.0,26,423.076657
0.0,78,423.476335
0.0,101,423.954382
0.0,41,424.180756
0.0,53,424.465821
0.0,52,424.717292
0.0,86,425.109355
0.0,13,425.205712
0.0,27,425.358176
0.0,13,425.445412
0.0,31,425.611215
0.0,14,426.77852
0.0,35,426.974022
0.0,12,427.056247
0.0,101,427.503879
0.0,42,427.736582
0.0,42,427.956526
0.0,37,428.156529
0.0,41,428.378995
0.0,17,428.485908
0.0,38,428.687485
0.0,52,428.965325
0.0,20,429.086932
0.0,23,429.225594
0.0,53,429.493086
0.0,18,429.602852
0.0,14,429.69435
0.0,101,430.145952
0.0,14,430.237612
0.0,12,430.319449
0.0,101,430.797405
0.0,37,431.005187
0.0,101,431.483686
0.0,101,431.96068
0.0,53,432.235353
0.0,101,432.683586
0.0,101,433.13956
0.0,25,433.290714
0.0,9,433.358041
0.0,65,433.661506
0.0,41,433.880668
0.0,15,433.97629
0.0,20,434.095231
0.0,25,434.244721
0.0,25,434.389483
0.0,101,434.846523
0.0,28,435.003548
0.0,26,435.15682
0.0,23,435.289799
0.0,22,435.420267
0.0,27,435.571946
0.0,101,436.007891
0.0,15,436.10407
0.0,14,436.195657
0.0,9,436.264004
0.0,90,436.687072
0.0,86,437.079172
0.0,12,438.294499
0.0,32,438.474516
0.0,18,438.585882
0.0,19,438.705743
0.0,40,438.927609
0.0,101,439.382037
0.0,62,439.706718
0.0,21,439.832193
0.0,19,439.946031
0.0,22,440.076075
0.0,101,440.542611
0.0,101,441.00252
0.0,81,441.358847
0.0,27,441.510745
0.0,43,441.73631
0.0,101,442.185983
0.0,11,442.264177
0.0,17,442.374659
0.0,10,442.446987
0.0,13,442.534055
0.0,101,442.996644
0.0,22,443.124143
0.0,14,443.217708
0.0,100,443.707785
0.0,25,443.858384
0.0,101,444.325528
0.0,18,444.440514
0.0,15,444.535208
0.0,101,444.971209
0.0,18,445.083735
0.0,20,445.19957
0.0,21,445.332324
0.0,21,445.454977
0.0,43,445.665787
0.0,23,445.802132
0.0,32,445.974296
0.0,16,446.072661
0.0,34,446.249589
0.0,22,446.379978
0.0,49,446.63529
0.0,30,446.812501
0.0,72,447.15743
0.0,13,447.245043
0.0,9,447.31514
0.0,101,447.763123
0.0,101,448.211838
0.0,101,449.747719
0.0,9,449.815888
0.0,101,450.259723
0.0,84,450.674432
0.0,71,451.023927
0.0,21,451.157176
0.0,22,451.290965
0.0,26,451.438061
0.0,25,451.583445
0.0,24,451.72744
0.0,17,451.832205
0.0,20,451.955901
0.0,101,452.405747
0.0,21,452.532815
0.0,20,452.65425
0.0,101,453.100842
0.0,30,453.270846
0.0,12,453.35306
0.0,37,453.555108
0.0,25,453.70237
0.0,10,453.774353
0.0,73,454.126561
0.0,12,454.209635
0.0,20,454.33443
0.0,20,454.453901
0.0,27,454.615556
0.0,13,454.704157
0.0,22,454.834092
0.0,29,455.009415
0.0,26,455.157947
0.0,59,455.426413
0.0,68,455.754901
0.0,44,455.976918
0.0,16,456.078953
0.0,46,456.322245
0.0,13,456.40848
0.0,20,456.526553
0.0,42,456.748958
0.0,30,456.913382
0.0,25,457.056179
0.0,101,457.529797
0.0,14,457.625323
0.0,24,457.76646
1.0,42,457.993686
0.0,34,458.178939
0.0,101,458.657317
0.0,35,458.854117
0.0,82,459.239881
0.0,80,459.613195
0.0,12,459.695008
0.0,62,459.972463
0.0,59,460.23594
0.0,34,461.499539
0.0,26,461.648422
0.0,101,462.121792
0.0,14,462.212428
0.0,31,462.381647
0.0,13,462.471656
0.0,42,462.693796
0.0,46,462.927574
0.0,30,463.096347
0.0,9,463.16609
0.0,11,463.247506
0.0,11,463.326593
0.0,34,463.510479
0.0,31,463.691491
0.0,15,463.787757
0.0,101,464.243868
0.0,38,464.446723
0.0,14,464.538847
0.0,53,464.823304
0.0,74,465.16433
0.0,89,465.599161
0.0,101,466.052546
0.0,29,466.223667
0.0,28,466.377766
1.0,29,466.537187
0.0,16,466.63814
0.0,101,467.101085
0.0,61,467.416245
0.0,9,467.484565
0.0,50,467.73525
0.0,47,467.97199
0.0,101,468.427459
0.0,22,468.561197
0.0,101,469.045144
0.0,14,469.136541
0.0,27,469.286666
0.0,28,469.440825
0.0,24,469.581779
0.0,35,469.763692
0.0,74,470.129777
0.0,35,470.316785
0.0,31,470.491183
0.0,37,470.691431
0.0,44,470.929002
0.0,31,471.104265
0.0,37,471.307291
0.0,30,471.480739
0.0,31,471.647015
0.0,101,473.190523
0.0,29,473.355918
0.0,101,473.803161
0.0,27,473.96196
0.0,18,474.071502
0.0,23,474.209157
0.0,28,474.367287
0.0,53,474.647662
0.0,62,474.966296
0.0,101,475.416596
0.0,13,475.503642
0.0,58,475.784642
0.0,69,476.103111
0.0,18,476.213369
0.0,20,476.341464
0.0,101,476.826399
0.0,43,477.066168
0.0,12,477.14851
0.0,27,477.300939
0.0,18,477.414325
0.0,37,477.620136
0.0,9,477.689379
0.0,47,477.933378
0.0,15,478.029858
0.0,15,478.127458
0.0,20,478.249513
0.0,64,478.605146
0.0,24,478.748149
0.0,85,479.147624
0.0,101,479.602321
0.0,29,479.765751
0.0,44,479.977787
0.0,24,480.114417
0.0,30,480.280739
0.0,15,480.37714
0.0,12,480.460785
0.0,21,480.587813
0.0,17,480.694047
0.0,25,480.847703
0.0,28,480.996355
0.0,101,481.447781
0.0,31,481.623109
0.0,22,481.751481
0.0,58,482.009717
0.0,26,482.154227
0.0,17,482.260996
0.0,101,482.731863
0.0,101,483.179288
0.0,93,484.706906
0.0,9,484.774755
0.0,63,485.106393
0.0,27,485.26104
0.0,13,485.351923
0.0,92,485.822819
0.0,25,485.958906
0.0,101,486.413168
0.0,62,486.697838
0.0,38,486.900936
0.0,101,487.360085
0.0,77,487.712459
0.0,23,487.849232
0.0,101,488.316137
0.0,101,488.798199
1.0,22,488.925543
0.0,25,489.070196
0.0,75,489.43185
0.0,26,489.583266
0.0,86,489.970176
0.0,101,490.415211
0.0,20,490.5401
0.0,35,490.735371
0.0,21,490.86282
0.0,23,491.000165
0.0,47,491.249794
0.0,23,491.38816
0.0,9,491.457563
0.0,33,491.644289
0.0,101,492.120895
0.0,19,492.234188
0.0,59,492.527973
0.0,18,492.644042
0.0,27,492.797844
0.0,9,492.867952
0.0,25,493.015359
0.0,17,493.122105
0.0,34,493.307136
0.0,50,493.561313
0.0,87,493.986187
0.0,101,494.438259
0.0,58,494.701157
0.0,28,494.851407
0.0,9,496.002398
0.0,10,496.074877
0.0,53,496.34676
0.0,10,496.420033
0.0,101,496.871683
0.0,83,497.274603
0.0,22,497.41147
0.0,25,497.55704
0.0,46,497.799156
0.0,26,497.952057
0.0,41,498.175889
0.0,101,498.638552
0.0,22,498.770735
0.0,33,498.941524
0.0,101,499.433745
0.0,101,499.868923
0.0,84,500.255366
0.0,20,500.375276
0.0,20,500.501501
0.0,9,500.571276
0.0,72,500.934244
0.0,51,501.168895
0.0,101,501.633743
0.0,21,501.757374
0.0,101,502.241379
0.0,23,502.377751
0.0,20,502.497709
0.0,36,502.705925
0.0,22,502.833282
0.0,20,502.956139
0.0,71,503.303466
0.0,22,503.436077
0.0,16,503.53741
0.0,13,503.627225
0.0,101,504.07603
0.0,35,504.269243
0.0,23,504.414039
0.0,24,504.551734
0.0,96,505.030627
0.0,20,505.150575
0.0,101,505.626981
0.0,29,505.79196
0.0,51,506.055244
0.0,43,506.271131
0.0,34,507.55049
0.0,28,507.710605
0.0,19,507.827745
0.0,101,508.284186
0.0,41,508.507268
0.0,49,508.764231
0.0,16,508.864129
0.0,19,508.980218
0.0,15,509.075094
0.0,101,509.530185
0.0,44,509.77794
0.0,12,509.860006
0.0,9,509.929297
0.0,28,510.082856
0.0,101,510.545513
0.0,65,510.841237
0.0,12,510.922024
0.0,35,511.115027
0.0,54,511.393465
0.0,9,511.462573
0.0,101,511.926724
0.0,31,512.094979
0.0,101,512.56904
0.0,20,512.689768
0.0,15,512.786718
0.0,15,512.881562
0.0,24,513.028627
0.0,13,513.115325
1.0,19,513.236887
0.0,34,513.42254
0.0,23,513.551746
0.0,15,513.653749
0.0,101,514.118985
0.0,34,514.312272
0.0,101,514.779801
0.0,29,514.93821
0.0,101,515.393823
0.0,28,515.561845
0.0,29,515.730689
0.0,36,515.91084
0.0,31,516.080627
0.0,18,516.190761
0.0,9,516.260679
0.0,29,516.418445
0.0,21,516.550396
0.0,18,516.668852
0.0,44,516.90354
0.0,45,517.14961
0.0,101,517.623219
0.0,23,517.752922
0.0,20,517.872024
0.0,56,519.229944
0.0,35,519.422618
0.0,53,519.681678
0.0,27,519.832379
0.0,92,520.289757
0.0,13,520.378702
0.0,49,520.628279
0.0,101,521.093531
0.0,34,521.278761
0.0,27,521.436671
0.0,38,521.64503
0.0,27,521.790537
0.0,35,521.976186
0.0,101,522.442638
0.0,25,522.587214
0.0,45,522.831831
0.0,16,522.936432
1.0,26,523.084211
0.0,28,523.236572
0.0,30,523.405168
0.0,101,523.87229
0.0,26,524.026868
0.0,101,524.48849
0.0,29,524.650192
0.0,93,525.110969
0.0,36,525.307459
0.0,26,525.457577
0.0,39,525.68472
0.0,15,525.786842
0.0,23,525.915174
0.0,11,525.992554
0.0,18,526.111508
0.0,19,526.227864
0.0,101,526.671517
0.0,63,526.980608
0.0,18,527.097381
0.0,35,527.292238
0.0,25,527.437182
0.0,79,527.804832
0.0,101,528.262967
0.0,24,528.404552
0.0,22,528.53487
0.0,9,528.603782
0.0,14,528.694863
0.0,63,528.999624
0.0,17,529.104392
0.0,27,529.260935
0.0,101,529.699678
0.0,29,530.945088
0.0,53,531.18843
0.0,38,531.401934
0.0,37,531.597445
0.0,14,531.688063
0.0,20,531.812369
0.0,27,531.967195
0.0,47,532.206668
0.0,10,532.278432
0.0,18,532.388441
0.0,27,532.552086
0.0,35,532.748339
0.0,28,532.916672
0.0,40,533.148338
0.0,35,533.372759
0.0,9,533.45383
0.0,19,533.584203
0.0,72,533.949658
0.0,80,534.370929
0.0,18,534.495688
0.0,101,534.977064
0.0,29,535.136517
0.0,33,535.33368
0.0,18,535.456206
0.0,24,535.613909
0.0,20,535.744545
0.0,50,536.029535
0.0,101,536.534003
0.0,24,536.688556
0.0,9,536.765611
0.0,101,537.250374
0.0,22,537.401733
0.0,40,537.670614
0.0,46,537.942066
0.0,22,538.085669
0.0,30,538.260756
0.0,22,538.402167
0.0,101,538.952399
0.0,35,539.143267
0.0,28,539.30436
0.0,22,539.451943
0.0,101,539.930798
0.0,22,540.076589
0.0,101,540.586399
0.0,22,540.725184
0.0,52,540.984558
0.0,51,541.239224
0.0,101,541.710491
0.0,55,541.995953
0.0,28,543.453626
0.0,37,543.669565
0.0,46,543.937023
0.0,26,544.090537
0.0,47,544.400767
0.0,10,544.480483
0.0,101,545.002172
0.0,19,545.136661
0.0,55,545.445562
0.0,22,545.588963
0.0,68,545.974361
0.0,53,546.29099
0.0,63,546.649932
0.0,80,547.045461
0.0,25,547.210919
0.0,94,547.717217
0.0,101,548.214089
0.0,101,548.727226
0.0,9,548.80058
0.0,10,548.875815
0.0,101,549.370215
0.0,94,549.896206
0.0,32,550.097028
0.0,37,550.298005
0.0,23,550.435563
0.0,101,550.912643
0.0,11,550.991719
0.0,79,551.45849
0.0,42,551.715577
0.0,16,551.827003
0.0,32,552.016421
0.0,38,552.253102
0.0,40,552.486489
0.0,101,552.973017
0.0,33,553.17887
0.0,13,553.278796
0.0,25,553.437097
0.0,9,553.509775
0.0,33,553.690984
0.0,34,553.875781
0.0,54,554.170664
0.0,15,554.268507
0.0,60,554.605445
0.0,101,556.440434
0.0,16,556.547809
0.0,19,556.670328
0.0,101,557.141276
0.0,53,557.436517
0.0,37,557.639747
0.0,101,558.13777
0.0,42,558.357283
0.0,26,558.511613
0.0,101,559.02301
0.0,39,559.261101
0.0,57,559.525586
0.0,48,559.806276
0.0,31,560.017243
0.0,39,560.227848
0.0,53,560.489355
0.0,101,560.953864
0.0,73,561.307901
0.0,42,561.562207
0.0,93,562.021701
0.0,28,562.186926
0.0,91,562.592759
0.0,54,562.831976
0.0,80,563.194556
0.0,65,563.504922
0.0,101,563.9583
0.0,101,564.433376
0.0,101,564.897363
0.0,67,565.233862
0.0,25,565.375408
0.0,9,565.44328
0.0,9,565.512321
0.0,35,565.695951
0.0,9,565.764068
0.0,12,565.845098
0.0,45,566.083052
0.0,34,566.275418
0.0,22,566.400896
0.0,16,566.499802
0.0,13,566.584146
0.0,60,567.955062
0.0,23,568.095441
0.0,81,568.534229
0.0,52,568.798297
0.0,23,568.940907
0.0,10,569.019861
0.0,22,569.171516
0.0,101,569.681188
0.0,38,569.907197
0.0,101,570.415845
0.0,19,570.540791
0.0,35,570.733778
0.0,95,571.17524
0.0,21,571.306824
0.0,29,571.473723
0.0,101,571.954666
0.0,59,572.313607
0.0,38,572.539473
0.0,42,572.766127
0.0,101,573.220517
0.0,47,573.47464
0.0,18,573.58098
0.0,12,573.683481
0.0,46,573.934793
0.0,29,574.107401
0.0,9,574.174777
0.0,10,574.245562
0.0,35,574.433488
0.0,62,574.784303
0.0,101,575.271636
0.0,24,575.413634
0.0,34,575.607916
0.0,27,575.775656
0.0,101,576.301661
0.0,28,576.465493
0.0,32,576.648944
0.0,89,577.041701
0.0,20,577.158577
0.0,29,577.324028
0.0,12,577.408067
0.0,34,577.588664
1.0,40,577.807177
0.0,9,577.877894
0.0,37,578.078786
0.0,101,578.526983
0.0,29,579.762148
0.0,31,579.92436
0.0,68,580.259452
0.0,13,580.346915
1.0,30,580.513123
0.0,20,580.6344
0.0,16,580.734392
0.0,101,581.177877
0.0,35,581.361268
0.0,47,581.580431
0.0,38,581.782254
0.0,63,582.074122
0.0,53,582.337538
0.0,21,582.46547
0.0,21,582.590203
0.0,15,582.692443
0.0,16,582.787142
0.0,24,582.926629
0.0,23,583.052611
0.0,19,583.170373
0.0,101,583.632459
0.0,29,583.794863
0.0,34,583.988807
0.0,33,584.186605
0.0,47,584.462895
0.0,101,584.970316
0.0,14,585.06828
0.0,13,585.16433
0.0,38,585.407738
0.0,73,585.77352
0.0,54,586.078914
0.0,23,586.215806
0.0,27,586.371372
0.0,39,586.594285
0.0,10,586.677781
0.0,55,586.967707
0.0,101,587.418051
0.0,23,587.56141
0.0,15,587.663654
0.0,28,587.835938
0.0,12,587.925642
0.0,71,588.340628
0.0,10,588.416941
-1.0,96,588.857052
0.0,25,589.006728
0.0,16,589.106917
0.0,16,589.206553
0.0,16,589.307456
0.0,47,589.537889
0.0,38,589.745576
0.0,20,589.86762
0.0,101,590.314265
0.0,41,590.534763
0.0,13,590.620088
0.0,30,591.848394
0.0,101,592.292992
0.0,27,592.446997
0.0,21,592.572164
0.0,22,592.696501
0.0,101,593.151964
0.0,101,593.591855
0.0,50,593.841631
0.0,9,593.908765
0.0,16,594.007656
0.0,17,594.111999
0.0,40,594.338743
0.0,101,594.811701
0.0,34,594.991699
0.0,101,595.472355
0.0,31,595.657908
0.0,35,595.84727
0.0,9,595.915518
0.0,66,596.249073
0.0,54,596.507874
0.0,101,596.96717
0.0,25,597.114825
0.0,79,597.485516
0.0,15,597.579981
0.0,32,597.752369
0.0,101,598.213424
0.0,61,598.521266
0.0,10,598.592652
0.0,20,598.710026
0.0,51,598.969161
0.0,101,599.462225
0.0,33,599.642029
0.0,27,599.798738
0.0,41,600.024429
0.0,18,600.133955
0.0,14,600.224341
0.0,27,600.372802
0.0,30,600.539965
0.0,101,600.98338
0.0,45,601.208625
0.0,44,601.441793
0.0,10,601.512689
0.0,69,601.858548
0.0,67,603.240832
0.0,15,603.338912
0.0,49,603.593076
0.0,20,603.714881
0.0,28,603.86895
0.0,14,603.958623
0.0,91,604.381556
0.0,14,604.472919
0.0,18,604.580811
0.0,13,604.665624
0.0,10,604.735895
0.0,62,605.048114
0.0,74,605.40121
0.0,9,605.468936
0.0,19,605.580868
0.0,68,605.944798
0.0,57,606.240908
0.0,36,606.428172
0.0,21,606.555047
0.0,29,606.705799
0.0,18,606.812696
0.0,21,606.936719
0.0,24,607.068285
0.0,37,607.263288
0.0,31,607.432803
0.0,9,607.500657
0.0,85,607.867773
0.0,26,608.008213
0.0,27,608.151648
0.0,38,608.352094
0.0,101,608.806545
0.0,41,609.030021
0.0,101,609.515196
0.0,101,609.975771
0.0,89,610.361103
0.0,20,610.48184
0.0,84,610.873978
0.0,19,610.984612
0.0,57,611.273529
0.0,28,611.42559
0.0,75,611.747677
0.0,82,612.12914
0.0,19,612.242851
0.0,30,612.414593
0.0,101,612.861759
0.0,61,613.176125
0.0,46,614.43257
0.0,22,614.557707
0.0,16,614.654859
0.0,66,614.979983
0.0,25,615.115064
0.0,33,615.290672
0.0,101,615.749549
0.0,51,616.001294
0.0,35,616.192798
0.0,19,616.310682
0.0,26,616.459666
0.0,31,616.622488
0.0,101,617.069205
0.0,20,617.187554
0.0,20,617.306713
0.0,37,617.484454
0.0,20,617.604051
0.0,12,617.684903
0.0,34,617.865269
0.0,14,617.954922
0.0,26,618.0988
0.0,34,618.283173
0.0,101,618.79076
0.0,36,618.990998
0.0,24,619.126198
0.0,101,619.551219
0.0,38,619.74798
0.0,101,620.212525
0.0,36,620.401784
0.0,42,620.616327
0.0,15,620.709776
0.0,15,620.803457
0.0,56,621.077348
0.0,20,621.192304
0.0,12,621.272354
0.0,26,621.419483
0.0,48,621.653183
0.0,26,621.800745
0.0,13,621.884834
0.0,25,622.028657
0.0,51,622.298163
0.0,38,622.480161
0.0,101,622.925457
0.0,54,623.200798
0.0,15,623.29624
0.0,23,623.427012
0.0,101,623.916629
0.0,45,624.158463
0.0,38,624.359507
0.0,18,624.470888
0.0,18,624.579917
0.0,101,626.086072
0.0,9,626.155054
0.0,23,626.282909
0.0,101,626.735848
0.0,101,627.181841
-1.0,95,627.593755
0.0,52,627.852898
0.0,68,628.142056
0.0,40,628.358023
0.0,25,628.501979
0.0,18,628.613496
0.0,42,628.823586
0.0,32,628.999362
0.0,56,629.272559
-1.0,94,629.667696
1.0,46,629.908468
0.0,101,630.357891
0.0,77,630.725353
0.0,19,630.837985
0.0,66,631.17062
0.0,28,631.337679
0.0,21,631.464284
0.0,37,631.651881
0.0,53,631.920597
0.0,61,632.245404
0.0,32,632.409245
0.0,16,632.507676
0.0,17,632.610522
0.0,25,632.756311
1.0,21,632.877537
0.0,101,633.359449
0.0,51,633.591373
0.0,30,633.750973
0.0,19,633.865428
0.0,43,634.073426
0.0,27,634.217279
0.0,14,634.307816
0.0,15,634.401677
0.0,49,634.663708
0.0,12,634.743516
0.0,18,634.852795
0.0,13,634.93815
0.0,12,635.019549
0.0,12,635.099182
0.0,101,635.539197
0.0,46,635.769615
0.0,17,635.873361
0.0,9,635.941749
0.0,43,637.202288
0.0,101,637.650321
0.0,36,637.84142
0.0,31,638.00385
0.0,15,638.096838
0.0,49,638.34517
0.0,16,638.44274
0.0,15,638.536649
0.0,33,638.716694
0.0,101,639.159394
0.0,11,639.234904
0.0,25,639.375322
0.0,51,639.605359
0.0,21,639.730247
0.0,74,640.059623
0.0,101,640.486999
0.0,21,640.613632
0.0,101,641.053211
0.0,27,641.208818
0.0,21,641.328619
0.0,13,641.413317
0.0,48,641.664342
0.0,9,641.731967
0.0,40,641.939167
0.0,16,642.038344
0.0,20,642.16292
0.0,9,642.230686
0.0,50,642.48906
0.0,101,643.007977
0.0,41,643.216769
0.0,16,643.313883
0.0,15,643.408639
0.0,30,643.568508
0.0,79,643.929545
0.0,15,644.023981
0.0,32,644.196852
1.0,48,644.446532
0.0,16,644.545951
0.0,101,645.010277
0.0,30,645.167095
0.0,101,645.630646
0.0,49,645.8904
0.0,101,646.336642
0.0,55,646.591959
0.0,42,646.810663
0.0,101,647.241419
0.0,21,648.418002
0.0,30,648.573138
0.0,22,648.701567
0.0,38,648.904453
0.0,65,649.24303
0.0,101,649.681376
0.0,13,649.766378
0.0,9,649.834917
0.0,16,649.935051
0.0,73,650.301493
0.0,19,650.413615
0.0,25,650.559735
0.0,84,650.948197
0.0,38,651.150572
0.0,101,651.573734
0.0,101,652.014314
0.0,27,652.163536
0.0,23,652.299514
0.0,11,652.375972
0.0,53,652.638631
1.0,20,652.759914
0.0,9,652.828069
0.0,70,653.160338
0.0,51,653.408684
0.0,31,653.583565
0.0,18,653.690551
0.0,33,653.861367
0.0,22,653.992145
0.0,92,654.429984
0.0,23,654.567113
0.0,101,654.995956
0.0,9,655.064995
0.0,15,655.15879
0.0,101,655.601677
0.0,34,655.777404
0.0,25,655.919049
0.0,101,656.357036
0.0,16,656.45456
0.0,27,656.610829
0.0,101,657.079764
0.0,21,657.20545
0.0,52,657.462952
0.0,15,657.557644
0.0,16,657.655958
0.0,44,657.892904
0.0,101,658.334072
0.0,23,658.46559
0.0,10,658.537099
0.0,23,659.720681
0.0,27,659.8808
0.0,25,660.01825
0.0,32,660.208285
0.0,30,660.36336
0.0,34,660.541295
0.0,20,660.656909
0.0,43,660.88218
0.0,61,661.182572
0.0,14,661.273871
0.0,101,661.721551
0.0,37,661.913069
1.0,25,662.053401
0.0,26,662.213026
0.0,10,662.284199
0.0,101,662.753496
0.0,17,662.854638
0.0,33,663.031564
0.0,15,663.126456
0.0,25,663.267624
0.0,101,663.691052
0.0,101,664.140474
0.0,33,664.321076
0.0,14,664.413301
0.0,36,664.60386
0.0,38,664.808465
0.0,54,665.087901
0.0,33,665.265248
0.0,101,665.710147
0.0,60,666.004574
0.0,42,666.236842
0.0,27,666.392836
0.0,36,666.585544
0.0,36,666.78238
0.0,28,666.93703
0.0,101,667.394736
0.0,101,667.820961
0.0,38,668.002798
0.0,31,668.173123
0.0,19,668.291398
0.0,20,668.413201
0.0,101,668.861465
0.0,32,669.03036
0.0,19,669.142275
0.0,36,669.341864
0.0,101,669.770721
0.0,43,671.041406
0.0,24,671.182032
0.0,9,671.251036
0.0,24,671.387623
0.0,40,671.59305
0.0,37,671.783575
0.0,101,672.22642
0.0,63,672.522108
0.0,101,672.968988
0.0,44,673.199097
0.0,19,673.320772
0.0,57,673.591086
0.0,65,673.917844
0.0,13,674.001523
0.0,21,674.127196
0.0,34,674.316671
0.0,41,674.510675
0.0,35,674.68635
0.0,16,674.785487
0.0,101,675.30452
0.0,24,675.438719
0.0,18,675.549633
0.0,101,675.97429
0.0,101,676.407503
0.0,16,676.5084
0.0,26,676.648195
0.0,101,677.126206
0.0,31,677.303956
0.0,58,677.595798
0.0,101,678.044596
0.0,84,678.434144
0.0,101,678.888553
0.0,101,679.328515
0.0,101,679.769991
0.0,43,679.985226
0.0,9,680.052609
0.0,14,680.142529
0.0,92,680.577252
0.0,101,682.082266
0.0,101,682.53688
0.0,35,682.722379
0.0,25,682.86807
0.0,15,682.961955
0.0,101,683.418249
0.0,19,683.536932
0.0,35,683.726335
0.0,33,683.904895
0.0,15,683.999207
0.0,43,684.221061
0.0,27,684.373781
0.0,26,684.52647
0.0,35,684.720281
0.0,31,684.883837
0.0,13,684.970958
0.0,20,685.088681
0.0,21,685.217237
0.0,18,685.324644
0.0,33,685.503
0.0,19,685.621331
0.0,58,685.91251
0.0,101,686.370513
0.0,33,686.55391
0.0,17,686.658533
0.0,20,686.777392
0.0,101,687.246186
0.0,48,687.503935
0.0,35,687.699566
0.0,16,687.799543
0.0,17,687.902931
0.0,15,687.998614
0.0,39,688.201598
0.0,80,688.60076
0.0,101,689.026898
0.0,49,689.282517
0.0,16,689.380914
0.0,28,689.540515
0.0,15,689.635252
0.0,23,689.765318
0.0,101,690.235198
0.0,15,690.332785
0.0,20,690.452076
0.0,16,690.5514
0.0,37,690.76058
0.0,20,690.875161
0.0,12,690.955785
0.0,39,691.161824
0.0,25,691.301779
0.0,101,691.754895
0.0,34,691.939865
0.0,23,692.073871
0.0,19,692.185364
0.0,31,692.344157
0.0,28,692.510455
0.0,35,693.751351
0.0,18,693.859001
0.0,22,693.988978
0.0,40,694.185653
0.0,16,694.286758
0.0,15,694.382811
0.0,20,694.505187
0.0,101,694.951972
0.0,85,695.342409
0.0,78,695.707454
0.0,53,695.98251
0.0,31,696.147357
0.0,74,696.490968
0.0,48,696.746058
0.0,44,696.97015
0.0,33,697.151562
0.0,16,697.249714
0.0,26,697.394477
0.0,30,697.561811
0.0,101,697.994019
0.0,32,698.182328
0.0,15,698.278119
0.0,9,698.346053
0.0,19,698.461524
0.0,73,698.786482
0.0,101,699.273848
0.0,65,699.597368
0.0,37,699.79851
0.0,9,699.86694
0.0,39,700.080471
0.0,91,700.494341
0.0,31,700.669781
0.0,101,701.136783
0.0,21,701.255713
0.0,22,701.38351
0.0,16,701.484705
0.0,47,701.722754
0.0,25,701.867426
0.0,38,702.07044
0.0,27,702.235544
0.0,31,702.407385
0.0,43,702.647518
0.0,101,703.106426
0.0,101,703.562159
0.0,101,705.053336
0.0,31,705.209775
0.0,54,705.482497
0.0,101,705.925094
0.0,15,706.019359
0.0,24,706.166975
0.0,13,706.251174
0.0,15,706.343988
0.0,101,706.78871
0.0,9,706.856117
0.0,31,707.020412
0.0,19,707.139867
0.0,9,707.207934
0.0,29,707.375086
0.0,100,707.813529
0.0,58,708.097387
0.0,52,708.350517
0.0,101,708.792359
0.0,15,708.887026
0.0,26,709.041574
0.0,85,709.446116
0.0,9,709.514885
0.0,47,709.739274
0.0,15,709.831652
0.0,21,709.956632
0.0,99,710.384122
0.0,101,710.864814
0.0,82,711.222889
0.0,9,711.290337
0.0,16,711.392681
0.0,39,711.606396
0.0,101,712.039958
0.0,15,712.133439
0.0,101,712.597949
0.0,31,712.757687
0.0,43,712.986258
0.0,26,713.135469
0.0,14,713.225076
0.0,18,713.330961
0.0,15,713.425838
0.0,68,713.746419
0.0,101,714.217686
0.0,19,714.328992
0.0,101,714.788813
0.0,101,716.285498
0.0,18,716.394925
0.0,37,716.594418
0.0,49,716.823201
0.0,44,717.042384
0.0,23,717.171596
0.0,20,717.295453
0.0,41,717.508942
0.0,16,717.611068
0.0,72,717.963085
0.0,20,718.083997
0.0,16,718.187777
0.0,16,718.287402
0.0,101,718.715875
0.0,21,718.840027
0.0,22,718.969279
0.0,101,719.402046
0.0,101,719.851127
0.0,101,720.33735
0.0,18,720.444646
0.0,69,720.787212
0.0,99,721.250555
0.0,82,721.621304
0.0,101,722.063376
0.0,42,722.279964
0.0,29,722.445575
0.0,101,722.915255
1.0,24,723.050148
0.0,20,723.166941
0.0,101,723.618577
0.0,32,723.796019
0.0,101,724.264639
0.0,9,724.333574
0.0,44,724.552748
1.0,27,724.705399
0.0,43,724.934321
0.0,9,725.002961
0.0,89,725.47061
0.0,101,725.903229
0.0,18,726.015165
0.0,101,727.487273
0.0,101,727.936396
0.0,51,728.181646
0.0,18,728.287532
0.0,101,728.736341
0.0,20,728.857325
0.0,40,729.055868
0.0,9,729.1235
0.0,37,729.324152
0.0,101,729.785389
0.0,17,729.889718
0.0,27,730.036855
0.0,26,730.190288
0.0,30,730.344991
0.0,20,730.464188
0.0,26,730.611715
0.0,24,730.751427
0.0,86,731.160574
0.0,37,731.363392
0.0,29,731.526598
0.0,101,732.045444
0.0,18,732.158111
0.0,14,732.248495
0.0,29,732.409996
0.0,31,732.576635
0.0,25,732.71741
0.0,48,732.965681
0.0,67,733.277512
0.0,29,733.437896
0.0,11,733.51347
0.0,55,733.793896
0.0,28,733.943322
0.0,101,734.409581
0.0,101,734.862054
0.0,30,735.040701
0.0,20,735.160768
0.0,101,735.605196
0.0,101,736.057585
0.0,101,736.494413
0.0,54,736.767246
0.0,51,737.026366
0.0,28,737.187253
0.0,20,737.307128
0.0,25,738.51207
0.0,19,738.625617
0.0,101,739.059515
0.0,9,739.12982
0.0,14,739.220397
0.0,23,739.354274
0.0,101,739.800579
0.0,53,740.054773
0.0,101,740.492428
0.0,17,740.59599
0.0,101,741.044612
0.0,16,741.142076
0.0,30,741.304904
0.0,18,741.414751
0.0,36,741.604853
0.0,18,741.711457
0.0,24,741.851517
0.0,32,742.02578
0.0,16,742.122407
0.0,15,742.21681
0.0,24,742.353843
0.0,26,742.502062
0.0,52,742.780665
0.0,43,743.000322
0.0,101,743.442391
0.0,18,743.548044
0.0,31,743.710945
0.0,32,743.887654
0.0,29,744.054774
0.0,9,744.121141
0.0,12,744.201236
0.0,18,744.309454
0.0,40,744.529483
0.0,50,744.777209
0.0,31,744.944456
0.0,53,745.189033
0.0,16,745.288745
0.0,13,745.371738
0.0,27,745.518824
0.0,26,745.665316
0.0,65,746.013391
0.0,31,746.196428
0.0,9,746.264018
0.0,36,746.457181
0.0,36,746.652588
0.0,29,746.813211
0.0,24,746.948068
0.0,34,747.128109
0.0,101,747.584326
0.0,31,747.747213
0.0,22,747.884584
0.0,101,748.324485
0.0,101,748.781105
0.0,57,750.093694
0.0,61,750.385364
0.0,20,750.503595
0.0,45,750.727746
0.0,74,751.103095
0.0,101,751.563197
0.0,101,752.010457
0.0,27,752.16886
0.0,12,752.248928
0.0,55,752.499779
0.0,32,752.676257
0.0,101,753.136978
0.0,101,753.59515
0.0,101,754.04554
0.0,12,754.126643
0.0,52,754.360487
0.0,9,754.428629
0.0,22,754.558325
0.0,11,754.635435
0.0,23,754.769712
0.0,33,754.955025
0.0,19,755.068376
0.0,40,755.276067
0.0,29,755.439461
0.0,75,755.817732
0.0,21,755.948089
0.0,26,756.094525
0.0,101,756.531246
0.0,9,756.599688
0.0,11,756.677065
0.0,75,757.053435
0.0,16,757.15317
0.0,36,757.355924
0.0,24,757.493721
0.0,10,757.566762
1.0,22,757.703933
0.0,101,758.134153
0.0,57,758.441057
0.0,9,758.50866
0.0,18,758.61899
0.0,58,758.91077
0.0,9,758.979812
0.0,19,759.093392
0.0,44,759.320079
0.0,27,759.475678
0.0,12,759.555461
0.0,24,759.690095
0.0,33,759.868241
0.0,15,759.963427
0.0,101,761.440867
0.0,21,761.561738
0.0,76,761.924975
0.0,36,762.114376
0.0,38,762.313968
0.0,101,762.768952
0.0,54,763.010369
0.0,23,763.150055
0.0,24,763.293478
0.0,12,763.37833
0.0,101,763.823582
0.0,14,763.91122
0.0,27,764.064056
0.0,35,764.253359
0.0,40,764.457053
0.0,25,764.599574
0.0,25,764.742804
0.0,16,764.840773
0.0,19,764.952917
0.0,101,765.406418
0.0,31,765.57588
0.0,17,765.679909
0.0,42,765.898968
0.0,39,766.104421
0.0,35,766.29099
0.0,101,766.742525
0.0,101,767.171073
0.0,19,767.284341
0.0,101,767.75746
0.0,63,768.060854
0.0,17,768.167612
0.0,19,768.284881
0.0,14,768.373154
0.0,9,768.441961
0.0,20,768.564934
0.0,19,768.676419
0.0,60,768.961871
0.0,44,769.190861
0.0,54,769.455283
0.0,32,769.632123
0.0,16,769.729376
0.0,16,769.829777
0.0,101,770.274824
0.0,88,770.663754
0.0,15,770.757982
0.0,101,771.237362
0.0,28,771.401445
0.0,9,771.469788
0.0,9,771.546159
0.0,45,772.833838
0.0,101,773.299136
0.0,35,773.482356
0.0,13,773.566739
0.0,23,773.700329
0.0,28,773.858409
0.0,21,773.978333
0.0,79,774.348209
0.0,101,774.787274
0.0,16,774.886668
0.0,11,774.960935
0.0,15,775.056462
0.0,9,775.126661
0.0,20,775.244125
0.0,59,775.508985
0.0,26,775.659641
0.0,9,775.728759
0.0,38,775.925338
0.0,20,776.046523
0.0,22,776.173183
0.0,23,776.309618
0.0,14,776.402066
0.0,101,776.830102
0.0,37,777.028427
0.0,13,777.113987
0.0,21,777.240025
0.0,101,777.697169
0.0,26,777.837058
0.0,26,777.984842
0.0,9,778.053207
0.0,9,778.121539
0.0,101,778.594556
0.0,48,778.834102
0.0,26,778.977938
0.0,49,779.220648
0.0,15,779.316351
0.0,33,779.508005
0.0,15,779.600712
0.0,15,779.695852
0.0,38,779.891465
0.0,12,779.972902
0.0,17,780.074322
0.0,16,780.173438
0.0,21,780.293307
0.0,101,780.75323
0.0,23,780.886901
0.0,9,780.954736
0.0,101,781.405002
0.0,56,781.69575
0.0,96,782.145439
0.0,15,782.240132
0.0,44,782.466202
0.0,10,782.537945
0.0,21,782.65752
0.0,14,782.747241
0.0,31,782.909649
0.0,9,782.977584
0.0,31,783.152894
0.0,16,784.303189
0.0,56,784.593758
0.0,101,785.073657
0.0,33,785.259095
0.0,21,785.376884
0.0,14,785.466765
0.0,53,785.704143
0.0,19,785.821966
0.0,16,785.92304
0.0,22,786.057646
0.0,101,786.502134
1.0,27,786.65599
0.0,14,786.745321
0.0,51,786.977078
0.0,33,787.165872
0.0,54,787.441037
0.0,20,787.561159
0.0,24,787.697356
0.0,30,787.864531
0.0,32,788.029898
0.0,10,788.100996
0.0,26,788.251967
0.0,10,788.322103
0.0,72,788.64374
0.0,15,788.739668
0.0,101,789.1796
0.0,35,789.358752
0.0,28,789.518684
0.0,13,789.605351
0.0,10,789.677302
0.0,101,790.127365
0.0,35,790.317365
0.0,16,790.417041
0.0,29,790.576607
0.0,101,791.009345
0.0,101,791.482011
0.0,18,791.592325
0.0,101,792.031876
0.0,13,792.116808
0.0,25,792.262066
0.0,79,792.664996
0.0,12,792.744114
0.0,40,792.96762
0.0,101,793.396692
0.0,9,793.464427
0.0,34,793.643416
0.0,29,793.801948
0.0,62,794.108337
0.0,29,794.268821
0.0,40,794.48175
0.0,63,795.822723
0.0,15,795.922151
0.0,33,796.101938
0.0,16,796.201475
0.0,23,796.338249
0.0,101,796.793788
0.0,15,796.888621
0.0,12,796.968331
0.0,28,797.126566
0.0,24,797.26364
0.0,22,797.390557
0.0,101,797.854396
0.0,9,797.922278
0.0,30,798.078843
0.0,43,798.300874
1.0,41,798.517732
0.0,63,798.827907
0.0,21,798.953762
0.0,101,799.407059
0.0,101,799.879425
1.0,31,800.056491
0.0,101,800.509361
0.0,9,800.577735
0.0,43,800.805379
0.0,23,800.932517
0.0,40,801.145432
0.0,32,801.321458
0.0,98,801.791096
0.0,58,802.076624
0.0,10,802.148054
0.0,101,802.590179
0.0,101,803.042276
0.0,36,803.243181
0.0,16,803.346552
0.0,51,803.597602
0.0,19,803.708889
0.0,25,803.848747
0.0,35,804.034793
0.0,101,804.462421
0.0,16,804.562577
0.0,81,804.941362
0.0,13,805.026828
0.0,14,805.11824
0.0,101,805.596943
0.0,23,805.728018
0.0,38,805.933367
0.0,27,807.141186
0.0,17,807.245739
0.0,36,807.442178
0.0,38,807.641811
0.0,50,807.876648
0.0,12,807.957323
0.0,37,808.149639
0.0,10,808.221314
0.0,16,808.322595
0.0,33,808.50692
0.0,50,808.76144
0.0,20,808.883933
0.0,101,809.332094
0.0,9,809.402955
0.0,36,809.597313
0.0,41,809.812455
0.0,28,809.959356
0.0,101,810.425954
0.0,101,810.887771
0.0,101,811.330977
0.0,101,811.783273
0.0,24,811.921672
0.0,17,812.026969
0.0,31,812.204985
0.0,27,812.361295
0.0,25,812.514424
0.0,10,812.586083
0.0,21,812.707772
0.0,13,812.792244
0.0,101,813.247951
0.0,10,813.320234
0.0,29,813.48022
0.0,30,813.643141
1.0,20,813.763108
0.0,29,813.920592
0.0,28,814.074234
0.0,9,814.142435
0.0,31,814.318273
0.0,86,814.72793
0.0,20,814.848372
0.0,33,815.033052
0.0,16,815.132771
0.0,31,815.30131
0.0,27,815.46043
0.0,27,815.614299
0.0,22,815.745103
0.0,16,815.844792
0.0,38,816.055367
0.0,27,816.21017
0.0,28,816.371627
0.0,101,816.845068
0.0,101,817.307513
0.0,101,818.829334
0.0,31,819.013936
0.0,22,819.143336
0.0,32,819.31881
0.0,13,819.415002
0.0,26,819.581611
0.0,10,819.661108
0.0,39,819.88029
0.0,17,819.996584
0.0,11,820.079122
0.0,53,820.352319
0.0,61,820.689815
0.0,24,820.830147
0.0,24,820.974148
0.0,20,821.100384
0.0,26,821.250578
0.0,15,821.345987
0.0,49,821.6008
0.0,67,821.921327
0.0,47,822.168654
0.0,18,822.278964
0.0,9,822.348572
0.0,10,822.422394
0.0,16,822.523677
1.0,20,822.648301
0.0,25,822.792827
0.0,101,823.253028
0.0,42,823.47989
0.0,54,823.748241
0.0,53,824.016501
0.0,16,824.116467
0.0,101,824.566098
0.0,101,825.03934
0.0,35,825.231763
0.0,26,825.379156
0.0,27,825.53312
0.0,44,825.769622
0.0,29,825.935129
0.0,50,826.183853
0.0,31,826.352387
0.0,29,826.513639
0.0,14,826.604718
0.0,75,827.020513
0.0,45,827.257251
0.0,60,827.565161
0.0,20,827.682307
0.0,15,827.778947
0.0,28,827.935884
0.0,28,828.086634
0.0,16,828.185655
0.0,29,828.351824
0.0,80,828.746976
0.0,101,829.207053
0.0,29,829.374301
0.0,45,830.681745
0.0,14,830.771793
0.0,13,830.857253
0.0,16,830.957535
0.0,19,831.071647
0.0,22,831.197311
0.0,66,831.572688
0.0,101,832.031584
0.0,31,832.207081
0.0,42,832.422066
0.0,10,832.493568
0.0,40,832.714777
0.0,30,832.881235
0.0,54,833.17193
0.0,53,833.428559
0.0,101,833.866723
0.0,25,834.011025
0.0,101,834.473123
0.0,39,834.686771
0.0,21,834.818089
0.0,18,834.925968
0.0,82,835.300372
0.0,15,835.395641
0.0,76,835.744274
0.0,22,835.87527
0.0,101,836.336683
0.0,57,836.622896
0.0,101,837.085118
0.0,14,837.175237
0.0,45,837.416799
0.0,38,837.62072
0.0,26,837.762827
0.0,17,837.869589
0.0,33,838.049558
0.0,39,838.258392
0.0,21,838.381324
0.0,86,838.772048
0.0,26,838.921911
0.0,54,839.202805
0.0,19,839.316379
0.0,18,839.424549
0.0,22,839.555487
0.0,90,839.997603
0.0,65,840.32263
0.0,46,840.575857
0.0,27,840.730756
0.0,13,840.818127
0.0,101,842.383858
0.0,33,842.555934
0.0,101,842.987083
0.0,23,843.130521
0.0,101,843.554442
0.0,13,843.638596
0.0,16,843.737277
0.0,22,843.867874
0.0,16,843.967376
0.0,16,844.068223
0.0,53,844.328957
0.0,101,844.775225
0.0,41,844.986604
0.0,19,845.104825
0.0,101,845.561151
0.0,29,845.722216
0.0,101,846.17056
0.0,30,846.337644
0.0,15,846.433121
0.0,20,846.557836
0.0,18,846.668264
0.0,26,846.80893
0.0,24,846.944137
0.0,88,847.362461
0.0,15,847.457423
0.0,41,847.665954
0.0,81,848.049869
0.0,9,848.117744
0.0,16,848.217567
0.0,48,848.46889
0.0,101,848.950701
0.0,27,849.103306
0.0,26,849.248171
0.0,12,849.328183
0.0,30,849.494581
0.0,17,849.596953
0.0,66,849.916228
0.0,22,850.044449
0.0,19,850.15533
0.0,101,850.592827
0.0,21,850.719176
0.0,62,851.030057
0.0,28,851.188144
0.0,18,851.292784
0.0,18,851.403549
0.0,16,851.50627
0.0,24,851.643053
0.0,25,851.786889
0.0,40,852.009368
0.0,22,852.138833
0.0,44,852.357329
0.0,21,852.482154
0.0,101,854.003713
0.0,15,854.097846
0.0,52,854.357949
0.0,9,854.426247
0.0,20,854.546071
0.0,20,854.663207
0.0,27,854.809579
0.0,18,854.922149
0.0,20,855.042741
0.0,101,855.486632
0.0,101,855.934612
0.0,46,856.191099
0.0,25,856.333391
0.0,49,856.581829
0.0,101,857.030851
0.0,101,857.487218
0.0,39,857.684636
0.0,20,857.800176
0.0,16,857.898817
0.0,22,858.03148
1.0,22,858.159834
0.0,38,858.366594
0.0,18,858.47512
0.0,34,858.663379
1.0,26,858.817484
0.0,24,858.960772
0.0,37,859.157718
0.0,16,859.259666
0.0,15,859.356817
0.0,26,859.506677
0.0,22,859.641168
0.0,60,859.97642
0.0,29,860.144098
0.0,19,860.267256
0.0,101,860.742149
0.0,17,860.858853
0.0,101,861.36902
0.0,18,861.493383
0.0,18,861.613323
0.0,14,861.708705
0.0,69,862.07557
0.0,101,862.562255
0.0,21,862.693099
0.0,45,862.93356
0.0,29,863.097672
0.0,49,863.36593
0.0,48,863.640429
0.0,17,863.755733
0.0,9,863.828013
0.0,101,864.33407
1.0,34,864.55225
0.0,22,865.871914
0.0,23,866.022434
0.0,41,866.263863
1.0,25,866.415143
0.0,57,866.695543
0.0,30,866.858551
0.0,26,867.0083
0.0,19,867.125535
0.0,44,867.360841
0.0,64,867.693656
0.0,23,867.830669
0.0,16,867.928445
0.0,101,868.384283
0.0,15,868.478893
0.0,101,868.928308
0.0,15,869.023986
0.0,34,869.202046
0.0,36,869.385246
0.0,101,869.841508
0.0,13,869.925673
0.0,28,870.078444
0.0,10,870.149414
0.0,30,870.312927
0.0,15,870.407254
0.0,37,870.610348
0.0,43,870.834007
0.0,101,871.294676
0.0,23,871.426678
0.0,101,871.849693
0.0,27,872.004677
0.0,80,872.379975
0.0,42,872.598228
0.0,15,872.69376
0.0,23,872.827021
0.0,26,872.974509
0.0,31,873.141822
0.0,40,873.377328
0.0,81,873.73829
0.0,20,873.853824
0.0,26,873.996205
0.0,15,874.089299
0.0,21,874.224275
0.0,33,874.410507
0.0,31,874.572079
0.0,35,874.769107
0.0,14,874.85904
0.0,101,875.312178
0.0,24,875.451361
0.0,55,875.722834
0.0,30,875.876673
0.0,51,876.148543
0.0,101,877.669471
0.0,101,878.093473
0.0,100,878.614679
0.0,9,878.684522
0.0,36,878.873835
0.0,19,878.998114
0.0,38,879.198049
0.0,101,879.658172
0.0,22,879.784626
0.0,101,880.259745
0.0,32,880.429157
0.0,101,880.872737
0.0,16,880.971731
0.0,59,881.277866
0.0,101,881.736075
0.0,35,881.920801
0.0,58,882.21575
0.0,101,882.671811
0.0,26,882.81775
0.0,101,883.2821
0.0,35,883.475132
0.0,19,883.593014
0.0,101,884.016262
0.0,101,884.442332
0.0,36,884.633698
0.0,56,884.912624
0.0,29,885.058949
0.0,22,885.188561
0.0,10,885.259721
0.0,54,885.530333
0.0,13,885.614591
0.0,101,886.070347
0.0,28,886.229077
0.0,15,886.32829
0.0,101,886.756179
0.0,101,887.195107
0.0,42,888.471682
0.0,101,888.92713
0.0,65,889.252244
0.0,16,889.350328
0.0,101,889.795778
0.0,29,889.961854
0.0,18,890.070005
0.0,27,890.221745
0.0,43,890.439052
0.0,101,890.888253
0.0,38,891.082126
0.0,41,891.296153
0.0,42,891.508005
0.0,28,891.668192
0.0,32,891.84678
0.0,29,892.001584
0.0,24,892.140575
0.0,101,892.578013
0.0,10,892.649551
0.0,24,892.785546
0.0,19,892.895637
0.0,101,893.354032
0.0,36,893.541954
0.0,101,893.988521
0.0,26,894.132517
1.0,35,894.345553
0.0,101,894.813961
0.0,17,894.922554
0.0,33,895.094673
0.0,66,895.418484
0.0,20,895.53627
0.0,41,895.740225
0.0,32,895.917105
0.0,63,896.210409
0.0,37,896.410124
0.0,101,896.86118
0.0,101,897.303391
0.0,30,897.457944
0.0,21,897.580342
0.0,72,897.926235
0.0,18,898.033043
0.0,12,898.111827
0.0,25,898.253567
0.0,101,899.762572
0.0,15,899.857309
0.0,74,900.199636
0.0,21,900.327583
0.0,20,900.449656
0.0,29,900.616178
0.0,31,900.781992
0.0,44,901.007111
0.0,22,901.135343
0.0,101,901.595989
0.0,52,901.858118
0.0,21,901.981713
0.0,20,902.101512
0.0,40,902.315878
0.0,38,902.514158
0.0,91,902.948028
0.0,13,903.032439
0.0,19,903.147102
0.0,101,903.612767
0.0,19,903.733836
0.0,14,903.823316
0.0,21,903.946974
0.0,35,904.140601
0.0,37,904.334599
0.0,101,904.784671
0.0,19,904.898899
0.0,101,905.356139
0.0,24,905.490907
0.0,15,905.586703
0.0,84,905.990335
0.0,20,906.111347
0.0,35,906.294763
0.0,21,906.416715
0.0,23,906.553524
0.0,25,906.694461
0.0,26,906.844399
0.0,21,906.964371
0.0,22,907.092628
0.0,23,907.227658
0.0,63,907.524544
0.0,28,907.671949
0.0,77,908.066036
0.0,9,908.133443
0.0,101,908.576495
0.0,28,908.735866
0.0,70,909.077317
0.0,41,909.292429
0.0,101,909.742923
0.0,44,911.028113
0.0,101,911.483927
0.0,101,911.933132
0.0,101,912.382125
0.0,13,912.466604
0.0,22,912.595439
0.0,101,913.03388
0.0,46,913.258529
0.0,46,913.504525
0.0,101,913.964467
0.0,79,914.335578
0.0,101,914.787894
0.0,41,914.99573
0.0,25,915.133542
0.0,15,915.228479
0.0,54,915.482069
0.0,10,915.55252
0.0,30,915.713954
0.0,18,915.817322
0.0,15,915.910835
0.0,35,916.108253
0.0,30,916.270261
0.0,16,916.369977
0.0,67,916.687225
0.0,30,916.846644
0.0,80,917.239303
0.0,45,917.469882
0.0,25,917.613511
0.0,14,917.704047
0.0,61,917.999183
0.0,52,918.268115
0.0,88,918.660943
0.0,88,919.065627
0.0,31,919.238104
0.0,15,919.330887
0.0,15,919.433749
0.0,39,919.653136
0.0,51,919.9586
0.0,10,920.036587
0.0,10,920.123981
0.0,20,920.252373
0.0,34,920.452948
0.0,20,920.576164
0.0,44,920.814904
0.0,31,920.989345
0.0,41,921.212623
0.0,98,922.751585
0.0,32,922.943115
0.0,19,923.060427
0.0,74,923.41942
0.0,45,923.658943
0.0,18,923.77352
0.0,32,923.966762
0.0,38,924.17634
0.0,15,924.274878
0.0,10,924.350125
0.0,24,924.491469
0.0,23,924.631426
0.0,57,924.937392
0.0,38,925.142511
0.0,33,925.336594
0.0,22,925.482624
0.0,20,925.623789
0.0,36,925.833379
0.0,20,925.970917
0.0,25,926.132882
0.0,101,926.677488
0.0,15,926.782779
0.0,33,926.976919
0.0,101,927.491677
0.0,16,927.603544
0.0,29,927.802941
0.0,23,927.946898
0.0,65,928.267406
0.0,28,928.426184
0.0,17,928.535068
0.0,101,929.016033
0.0,42,929.228659
0.0,101,929.681896
0.0,24,929.826249
0.0,101,930.324884
0.0,45,930.565459
0.0,23,930.702226
0.0,14,930.794211
0.0,101,931.287092
0.0,21,931.426878
0.0,15,931.526066
0.0,29,931.691386
0.0,21,931.825699
0.0,14,931.922157
0.0,101,932.412702
0.0,16,932.526219
0.0,22,932.66568
1.0,22,932.800102
0.0,25,932.955053
0.0,33,933.152169
0.0,24,933.302448
0.0,28,933.462591
0.0,101,935.106578
0.0,30,935.291092
0.0,15,935.392498
0.0,36,935.60205
0.0,16,935.708802
0.0,39,935.929104
0.0,51,936.202698
0.0,29,936.378545
0.0,27,936.542483
0.0,15,936.644307
0.0,15,936.745704
0.0,16,936.853608
0.0,30,937.031892
0.0,65,937.353707
0.0,31,937.547842
0.0,36,937.751455
0.0,101,938.278607
0.0,13,938.370693
0.0,85,938.80724
0.0,27,938.975271
0.0,45,939.242793
0.0,86,939.642164
0.0,21,939.775492
0.0,85,940.20309
0.0,33,940.404649
0.0,33,940.609893
0.0,63,940.970351
0.0,23,941.132368
0.0,15,941.239271
0.0,18,941.353253
0.0,41,941.611965
0.0,101,942.119682
0.0,17,942.224864
0.0,12,942.307034
0.0,101,942.765815
0.0,97,943.228373
0.0,101,943.678356
0.0,67,943.996046
0.0,15,944.092198
0.0,34,944.286117
0.0,32,944.461261
0.0,15,944.557595
0.0,57,944.844168
0.0,52,945.109787
0.0,65,945.454535
0.0,14,945.546312
0.0,17,945.649834
0.0,46,945.882832
0.0,14,947.059455
0.0,19,947.175919
0.0,32,947.341744
0.0,101,947.814814
0.0,101,948.272401
0.0,101,948.726939
0.0,25,948.872458
0.0,33,949.063252
0.0,101,949.518968
0.0,100,950.002572
0.0,19,950.113942
0.0,36,950.310014
0.0,101,950.791969
0.0,50,951.049644
0.0,59,951.354938
0.0,16,951.456038
0.0,30,951.624113
0.0,24,951.760799
0.0,58,952.049425
0.0,39,952.262857
0.0,26,952.405079
0.0,101,952.866959
0.0,17,952.972441
0.0,19,953.085982
0.0,19,953.199267
0.0,18,953.307395
0.0,38,953.504603
0.0,69,953.847032
0.0,58,954.138146
0.0,15,954.233757
0.0,67,954.565638
0.0,26,954.716172
0.0,23,954.853916
0.0,29,955.006426
0.0,17,955.111707
0.0,15,955.205682
0.0,101,955.662901
0.0,37,955.858855
0.0,16,955.960071
0.0,15,956.055377
0.0,87,956.450636
0.0,48,956.699696
0.0,29,956.86445
0.0,26,957.017426
0.0,16,957.121603
0.0,35,957.306182
0.0,15,957.404848
0.0,101,958.925525
0.0,27,959.086414
0.0,83,959.496493
0.0,25,959.634653
0.0,24,959.77083
0.0,30,959.927823
0.0,87,960.328738
0.0,24,960.465375
0.0,20,960.585586
0.0,17,960.690512
0.0,19,960.803528
0.0,30,960.974162
0.0,101,961.442407
0.0,15,961.539219
0.0,62,961.845637
0.0,101,962.354329
0.0,45,962.595104
0.0,9,962.663254
0.0,9,962.732445
0.0,20,962.863212
0.0,15,962.956926
0.0,79,963.317257
0.0,17,963.425508
0.0,29,963.585834
0.0,14,963.678641
0.0,29,963.832855
0.0,15,963.926165
0.0,27,964.083365
0.0,19,964.195671
0.0,12,964.277123
0.0,23,964.412981
0.0,56,964.695119
0.0,16,964.79406
0.0,51,965.063127
0.0,38,965.264903
0.0,61,965.567826
0.0,23,965.702687
0.0,83,966.105932
0.0,37,966.297483
0.0,20,966.415328
1.0,29,966.574799
0.0,15,966.668669
0.0,39,966.874419
0.0,38,967.075506
0.0,29,967.241485
0.0,19,967.358874
0.0,25,967.504035
0.0,101,967.948249
0.0,100,968.399747
0.0,101,968.84229
0.0,89,970.3578
0.0,49,970.606717
0.0,30,970.77232
0.0,15,970.869125
0.0,19,970.988056
0.0,40,971.219337
0.0,67,971.541586
0.0,24,971.679938
0.0,84,972.072425
0.0,101,972.513748
0.0,53,972.783104
0.0,101,973.214661
0.0,101,973.666754
0.0,20,973.794324
0.0,10,973.867069
0.0,101,974.326355
0.0,10,974.400056
0.0,101,974.85831
0.0,101,975.285853
1.0,30,975.45136
0.0,45,975.690059
0.0,101,976.147826
0.0,101,976.653481
0.0,17,976.762912
0.0,77,977.131052
0.0,41,977.343766
0.0,29,977.502477
0.0,19,977.619309
0.0,56,977.898018
0.0,21,978.024983
0.0,18,978.134035
0.0,101,978.577259
0.0,35,978.76517
0.0,24,978.901999
0.0,74,979.263153
0.0,23,979.399718
0.0,101,979.850688
0.0,24,979.989424
0.0,16,980.08947
0.0,19,980.20223
0.0,9,980.270669
0.0,16,981.426708
0.0,101,981.898983
0.0,101,982.352697
0.0,15,982.447236
0.0,92,982.873752
0.0,72,983.228791
0.0,101,983.699937
0.0,14,983.791053
0.0,47,984.03408
0.0,76,984.394294
0.0,20,984.514748
0.0,30,984.685184
0.0,15,984.781503
0.0,18,984.894339
0.0,25,985.043508
0.0,101,985.520452
0.0,15,985.618817
0.0,24,985.765899
0.0,32,985.944594
0.0,97,986.400891
0.0,16,986.504015
0.0,30,986.662881
0.0,65,986.977101
0.0,101,987.418996
0.0,16,987.524623
0.0,101,987.958385
0.0,24,988.102402
0.0,45,988.332623
0.0,24,988.471018
0.0,24,988.610173
1.0,27,988.762846
0.0,55,989.028183
0.0,101,989.489765
0.0,32,989.667421
0.0,52,989.941869
0.0,19,990.056731
0.0,27,990.206296
0.0,58,990.496447
0.0,13,990.582909
0.0,101,991.048624
0.0,22,991.176202
0.0,28,991.335892
0.0,16,991.439491
0.0,44,992.722213
0.0,33,992.912392
0.0,14,993.008314
0.0,15,993.110743
0.0,15,993.212788
0.0,23,993.355436
0.0,17,993.468727
0.0,26,993.628974
0.0,101,994.119003
0.0,15,994.218329
0.0,37,994.428725
0.0,25,994.578713
0.0,39,994.786485
0.0,16,994.903486
0.0,24,995.069605
0.0,41,995.319349
0.0,21,995.445846
0.0,15,995.542022
0.0,101,996.037282
0.0,35,996.250296
0.0,84,996.712532
0.0,38,996.936955
0.0,15,997.045437
0.0,20,997.184173
0.0,43,997.430165
0.0,51,997.729506
0.0,73,998.126812
0.0,101,998.599308
0.0,55,998.911493
0.0,101,999.426916
0.0,10,999.509749
0.0,83,999.9303
0.0,21,1000.072638
0.0,15,1000.181543
0.0,48,1000.426819
0.0,101,1000.883173
0.0,55,1001.159492
0.0,16,1001.25948
0.0,62,1001.622762
0.0,26,1001.787697
0.0,44,1002.039087
0.0,30,1002.212433
0.0,20,1002.352503
0.0,15,1002.450501
0.0,15,1002.548178
0.0,28,1002.707417
0.0,20,1002.842352
0.0,15,1002.940984
0.0,101,1003.459961
0.0,101,1003.9086
0.0,15,1004.009748
0.0,21,1005.219357
0.0,25,1005.360127
0.0,29,1005.521932
0.0,17,1005.62621
0.0,20,1005.749157
0.0,101,1006.218394
0.0,44,1006.452679
0.0,27,1006.604624
0.0,34,1006.784012
0.0,25,1006.926274
0.0,17,1007.032178
0.0,24,1007.18106
0.0,11,1007.263
0.0,16,1007.377149
0.0,101,1007.844431
0.0,18,1007.964829
0.0,101,1008.439247
0.0,64,1008.760484
1.0,29,1008.924355
0.0,32,1009.098474
0.0,18,1009.215922
0.0,39,1009.425936
0.0,15,1009.523559
0.0,15,1009.617544
0.0,45,1009.86423
0.0,27,1010.015615
0.0,18,1010.125281
0.0,40,1010.333212
0.0,101,1010.799658
0.0,101,1011.29448
0.0,15,1011.397311
0.0,28,1011.561995
0.0,48,1011.83453
0.0,30,1012.01505
0.0,22,1012.146281
0.0,15,1012.242871
0.0,34,1012.432222
0.0,37,1012.62801
0.0,24,1012.77372
0.0,14,1012.869193
0.0,30,1013.051256
1.0,30,1013.230123
0.0,101,1013.744558
0.0,15,1013.844966
0.0,37,1014.037519
0.0,30,1014.201257
0.0,28,1014.356442
0.0,40,1014.588713
0.0,32,1014.771021
0.0,95,1015.213605
0.0,101,1015.662338
0.0,28,1015.812929
0.0,91,1017.287293
0.0,18,1017.402777
0.0,101,1017.856048
0.0,23,1017.996261
0.0,34,1018.179078
0.0,16,1018.279482
0.0,19,1018.39471
0.0,23,1018.530493
0.0,50,1018.800337
0.0,36,1018.982816
0.0,33,1019.162787
0.0,18,1019.271499
0.0,101,1019.750275
0.0,23,1019.901171
0.0,25,1020.062164
0.0,21,1020.200933
0.0,17,1020.310644
0.0,24,1020.453758
0.0,16,1020.556894
0.0,28,1020.716105
0.0,18,1020.826557
0.0,101,1021.274747
0.0,54,1021.560236
0.0,66,1021.883287
0.0,76,1022.259904
0.0,17,1022.362193
0.0,30,1022.52784
0.0,49,1022.788012
0.0,44,1023.023781
0.0,33,1023.206452
0.0,15,1023.303522
0.0,64,1023.634837
0.0,21,1023.757667
0.0,95,1024.199695
0.0,44,1024.436062
1.0,27,1024.583964
0.0,15,1024.67752
0.0,101,1025.115663
0.0,39,1025.329741
0.0,20,1025.452689
0.0,101,1025.90071
0.0,79,1026.286025
0.0,57,1026.584478
0.0,46,1026.826823
0.0,15,1026.920748
0.0,101,1027.374852
0.0,43,1027.592706
0.0,33,1028.831377
0.0,101,1029.283628
0.0,21,1029.409545
1.0,25,1029.55281
0.0,26,1029.699947
0.0,101,1030.146923
0.0,21,1030.272997
0.0,75,1030.633417
0.0,18,1030.743387
0.0,37,1030.943025
0.0,16,1031.042721
0.0,92,1031.466692
0.0,25,1031.609483
0.0,15,1031.703322
0.0,34,1031.881021
0.0,16,1031.980433
0.0,18,1032.089638
0.0,31,1032.262458
0.0,16,1032.362692
0.0,40,1032.569402
0.0,19,1032.684157
0.0,31,1032.859651
0.0,16,1032.958767
0.0,101,1033.42033
0.0,36,1033.607866
0.0,101,1034.076967
0.0,41,1034.288598
0.0,101,1034.72032
0.0,28,1034.873682
0.0,28,1035.034525
0.0,101,1035.498494
0.0,23,1035.627514
0.0,36,1035.813195
0.0,101,1036.276731
0.0,19,1036.396946
0.0,67,1036.723201
0.0,21,1036.848937
0.0,38,1037.054633
0.0,15,1037.150089
0.0,43,1037.370924
0.0,95,1037.815144
0.0,26,1037.961086
0.0,101,1038.420318
0.0,101,1038.874095
0.0,38,1040.130669
0.0,28,1040.293494
0.0,33,1040.473715
0.0,60,1040.763213
0.0,101,1041.27811
0.0,15,1041.374003
0.0,41,1041.593045
0.0,101,1042.11804
0.0,35,1042.30428
0.0,38,1042.508663
0.0,16,1042.609866
0.0,48,1042.852052
0.0,60,1043.158378
0.0,39,1043.364957
0.0,15,1043.459918
0.0,101,1043.913793
0.0,53,1044.201032
0.0,101,1044.660717
0.0,25,1044.810712
0.0,15,1044.906927
0.0,20,1045.035339
0.0,28,1045.188342
0.0,101,1045.672296
0.0,29,1045.838409
0.0,48,1046.086482
0.0,35,1046.270262
0.0,31,1046.442729
0.0,17,1046.54673
0.0,22,1046.676856
0.0,22,1046.803849
0.0,49,1047.064512
0.0,16,1047.164525
0.0,101,1047.616126
0.0,19,1047.728044
0.0,17,1047.833192
0.0,74,1048.208725
0.0,22,1048.336437
0.0,98,1048.801044
0.0,40,1049.010621
0.0,46,1049.245843
0.0,16,1049.347047
0.0,15,1049.445794
0.0,36,1049.640758
0.0,33,1049.81796
0.0,34,1050.004735
0.0,31,1050.163945
0.0,14,1050.257995
0.0,37,1050.461575
0.0,32,1050.635545
0.0,19,1051.817594
0.0,38,1052.018898
0.0,101,1052.526729
0.0,52,1052.792122
0.0,28,1052.944359
0.0,24,1053.083435
0.0,21,1053.209333
0.0,46,1053.452077
0.0,101,1053.906996
0.0,55,1054.168123
0.0,41,1054.386854
0.0,15,1054.484372
0.0,67,1054.814819
0.0,20,1054.937306
0.0,66,1055.261337
0.0,12,1055.341965
0.0,40,1055.558959
0.0,22,1055.687975
0.0,16,1055.786304
0.0,25,1055.929285
0.0,78,1056.322151
0.0,37,1056.514892
0.0,101,1056.966763
0.0,29,1057.130224
0.0,29,1057.298958
0.0,58,1057.600528
0.0,15,1057.693911
0.0,38,1057.899684
0.0,29,1058.061183
0.0,15,1058.155378
0.0,29,1058.320698
0.0,101,1058.765877
0.0,49,1059.016159
0.0,92,1059.46754
0.0,101,1059.925241
0.0,15,1060.021693
0.0,44,1060.257962
0.0,101,1060.711096
0.0,64,1061.031013
0.0,19,1061.14826
0.0,33,1061.328125
0.0,57,1061.624136
0.0,29,1061.786764
0.0,34,1061.976463
0.0,15,1062.073718
0.0,17,1062.179581
0.0,71,1063.5894
0.0,24,1063.727462
0.0,33,1063.907846
0.0,18,1064.015412
0.0,73,1064.374712
0.0,16,1064.476407
0.0,34,1064.671838
0.0,79,1065.04042
0.0,51,1065.295297
0.0,14,1065.386771
0.0,94,1065.844388
0.0,36,1066.043837
0.0,15,1066.140052
0.0,15,1066.235976
0.0,34,1066.427275
0.0,16,1066.528661
0.0,16,1066.627616
0.0,16,1066.726567
0.0,50,1066.984581
0.0,101,1067.443426
0.0,75,1067.799609
0.0,15,1067.895422
0.0,29,1068.062696
0.0,101,1068.522149
0.0,17,1068.626624
0.0,101,1069.075475
0.0,24,1069.211441
0.0,18,1069.318547
0.0,29,1069.47717
0.0,15,1069.572591
0.0,33,1069.748902
0.0,31,1069.919692
0.0,38,1070.119551
0.0,32,1070.287605
0.0,18,1070.397055
0.0,101,1070.926854
0.0,71,1071.270835
0.0,18,1071.381444
0.0,21,1071.504066
0.0,20,1071.622092
0.0,101,1072.085756
0.0,49,1072.340693
0.0,20,1072.461483
0.0,101,1072.905157
0.0,52,1073.17858
0.0,17,1073.284168
0.0,62,1073.587001
0.0,101,1075.104267
0.0,22,1075.236197
0.0,35,1075.425128
0.0,17,1075.527932
0.0,101,1075.975875
0.0,24,1076.117926
0.0,16,1076.22067
0.0,20,1076.339946
0.0,15,1076.438395
0.0,29,1076.59261
0.0,20,1076.71603
0.0,22,1076.847044
0.0,16,1076.959725
0.0,101,1077.410046
0.0,16,1077.513634
0.0,18,1077.623935
0.0,35,1077.810683
0.0,27,1077.959943
0.0,36,1078.156208
0.0,16,1078.26045
0.0,31,1078.423272
0.0,32,1078.593127
0.0,15,1078.687992
0.0,15,1078.78429
0.0,49,1079.057479
0.0,33,1079.231382
0.0,70,1079.595134
0.0,68,1079.97372
0.0,15,1080.069676
0.0,22,1080.196222
0.0,15,1080.2922
0.0,25,1080.435641
0.0,15,1080.535955
0.0,20,1080.659669
0.0,101,1081.135291
0.0,101,1081.579189
0.0,101,1082.046523
0.0,15,1082.14013
0.0,15,1082.236231
0.0,26,1082.383817
0.0,14,1082.474023
0.0,26,1082.618704
0.0,25,1082.759298
0.0,37,1082.9554
0.0,19,1083.068356
0.0,17,1083.169298
0.0,18,1083.290402
